[242月2025 23:46:55.461] [main/INFO] [cpw.mods.modlauncher.Launcher/MODLAUNCHER]: ModLauncher running: args [--launchTarget, forgedatauserdev, --assetIndex, 5, --assetsDir, D:\.gradle\caches\forge_gradle\assets, --gameDir, ., --fml.forgeVersion, 47.3.0, --fml.mcVersion, 1.20.1, --fml.forgeGroup, net.minecraftforge, --fml.mcpVersion, 20230612.114412, --mod, ultimate_enchantment, --all, --output, E:\moddig\project\UltimateEnchantment\UltimateEnchantment-forge-1.20.1\src\generated\resources, --existing, E:\moddig\project\UltimateEnchantment\UltimateEnchantment-forge-1.20.1\src\main\resources, --mixin.config, ultimate_enchantment.mixins.json, --mixin.config, ultimate_enchantment_touhou_little_maid.mixins.json]
[242月2025 23:46:55.474] [main/INFO] [cpw.mods.modlauncher.Launcher/MODLAUNCHER]: ModLauncher 10.0.9+10.0.9+main.dcd20f30 starting: java version 17.0.13 by Eclipse Adoptium; OS Windows 10 arch amd64 version 10.0
[242月2025 23:46:55.540] [main/DEBUG] [cpw.mods.modlauncher.LaunchServiceHandler/MODLAUNCHER]: Found launch services [fmlclientdev,forgeclient,minecraft,forgegametestserverdev,fmlserveruserdev,fmlclient,fmldatauserdev,forgeserverdev,forgeserveruserdev,forgeclientdev,forgeclientuserdev,forgeserver,forgedatadev,fmlserver,fmlclientuserdev,fmlserverdev,forgedatauserdev,testharness,forgegametestserveruserdev]
[242月2025 23:46:55.563] [main/DEBUG] [cpw.mods.modlauncher.NameMappingServiceHandler/MODLAUNCHER]: Found naming services : [srgtomcp]
[242月2025 23:46:55.596] [main/DEBUG] [cpw.mods.modlauncher.LaunchPluginHandler/MODLAUNCHER]: Found launch plugins: [mixin,eventbus,slf4jfixer,object_holder_definalize,runtime_enum_extender,capability_token_subclass,accesstransformer,runtimedistcleaner]
[242月2025 23:46:55.625] [main/DEBUG] [cpw.mods.modlauncher.TransformationServicesHandler/MODLAUNCHER]: Discovering transformation services
[242月2025 23:46:55.638] [main/DEBUG] [net.minecraftforge.fml.loading.FMLPaths/CORE]: Path GAMEDIR is E:\moddig\project\UltimateEnchantment\UltimateEnchantment-forge-1.20.1\run-data
[242月2025 23:46:55.639] [main/DEBUG] [net.minecraftforge.fml.loading.FMLPaths/CORE]: Path MODSDIR is E:\moddig\project\UltimateEnchantment\UltimateEnchantment-forge-1.20.1\run-data\mods
[242月2025 23:46:55.639] [main/DEBUG] [net.minecraftforge.fml.loading.FMLPaths/CORE]: Path CONFIGDIR is E:\moddig\project\UltimateEnchantment\UltimateEnchantment-forge-1.20.1\run-data\config
[242月2025 23:46:55.640] [main/DEBUG] [net.minecraftforge.fml.loading.FMLPaths/CORE]: Path FMLCONFIG is E:\moddig\project\UltimateEnchantment\UltimateEnchantment-forge-1.20.1\run-data\config\fml.toml
[242月2025 23:46:55.726] [main/DEBUG] [cpw.mods.modlauncher.TransformationServicesHandler/MODLAUNCHER]: Found additional transformation services from discovery services: 
[242月2025 23:46:55.739] [main/INFO] [net.minecraftforge.fml.loading.ImmediateWindowHandler/]: ImmediateWindowProvider not loading because launch target is forgedatauserdev
[242月2025 23:46:55.757] [main/DEBUG] [cpw.mods.modlauncher.TransformationServicesHandler/MODLAUNCHER]: Found transformer services : [mixin,fml]
[242月2025 23:46:55.758] [main/DEBUG] [cpw.mods.modlauncher.TransformationServicesHandler/MODLAUNCHER]: Transformation services loading
[242月2025 23:46:55.759] [main/DEBUG] [cpw.mods.modlauncher.TransformationServiceDecorator/MODLAUNCHER]: Loading service mixin
[242月2025 23:46:55.760] [main/DEBUG] [cpw.mods.modlauncher.TransformationServiceDecorator/MODLAUNCHER]: Loaded service mixin
[242月2025 23:46:55.760] [main/DEBUG] [cpw.mods.modlauncher.TransformationServiceDecorator/MODLAUNCHER]: Loading service fml
[242月2025 23:46:55.761] [main/DEBUG] [net.minecraftforge.fml.loading.LauncherVersion/CORE]: Found FMLLauncher version 1.0
[242月2025 23:46:55.762] [main/DEBUG] [net.minecraftforge.fml.loading.FMLLoader/CORE]: FML 1.0 loading
[242月2025 23:46:55.763] [main/DEBUG] [net.minecraftforge.fml.loading.FMLLoader/CORE]: FML found ModLauncher version : 10.0.9+10.0.9+main.dcd20f30
[242月2025 23:46:55.767] [main/DEBUG] [net.minecraftforge.fml.loading.FMLLoader/CORE]: FML found AccessTransformer version : 8.0.4+66+master.c09db6d7
[242月2025 23:46:55.768] [main/DEBUG] [net.minecraftforge.fml.loading.FMLLoader/CORE]: FML found EventBus version : 6.0.5+6.0.5+master.eb8e549b
[242月2025 23:46:55.768] [main/DEBUG] [net.minecraftforge.fml.loading.FMLLoader/CORE]: Found Runtime Dist Cleaner
[242月2025 23:46:55.771] [main/DEBUG] [net.minecraftforge.fml.loading.FMLLoader/CORE]: FML found CoreMod version : 5.1.6
[242月2025 23:46:55.772] [main/DEBUG] [net.minecraftforge.fml.loading.FMLLoader/CORE]: Found ForgeSPI package implementation version 7.0.1+7.0.1+master.d2b38bf6
[242月2025 23:46:55.772] [main/DEBUG] [net.minecraftforge.fml.loading.FMLLoader/CORE]: Found ForgeSPI package specification 5
[242月2025 23:46:55.772] [main/DEBUG] [cpw.mods.modlauncher.TransformationServiceDecorator/MODLAUNCHER]: Loaded service fml
[242月2025 23:46:55.774] [main/DEBUG] [cpw.mods.modlauncher.TransformationServicesHandler/MODLAUNCHER]: Configuring option handling for services
[242月2025 23:46:55.789] [main/DEBUG] [cpw.mods.modlauncher.TransformationServicesHandler/MODLAUNCHER]: Transformation services initializing
[242月2025 23:46:55.790] [main/DEBUG] [cpw.mods.modlauncher.TransformationServiceDecorator/MODLAUNCHER]: Initializing transformation service mixin
[242月2025 23:46:55.838] [main/DEBUG] [mixin/]: MixinService [ModLauncher] was successfully booted in cpw.mods.cl.ModuleClassLoader@31c88ec8
[242月2025 23:46:55.878] [main/INFO] [mixin/]: SpongePowered MIXIN Subsystem Version=0.8.5 Source=union:/D:/.gradle/caches/modules-2/files-2.1/org.spongepowered/mixin/0.8.5/9d1c0c3a304ae6697ecd477218fa61b850bf57fc/mixin-0.8.5.jar%23128!/ Service=ModLauncher Env=CLIENT
[242月2025 23:46:55.888] [main/DEBUG] [mixin/]: Initialising Mixin Platform Manager
[242月2025 23:46:55.888] [main/DEBUG] [mixin/]: Adding mixin platform agents for container ModLauncher Root Container(ModLauncher:4f56a0a2)
[242月2025 23:46:55.889] [main/DEBUG] [mixin/]: Instancing new MixinPlatformAgentMinecraftForge for ModLauncher Root Container(ModLauncher:4f56a0a2)
[242月2025 23:46:55.890] [main/DEBUG] [mixin/]: MixinPlatformAgentMinecraftForge rejected container ModLauncher Root Container(ModLauncher:4f56a0a2)
[242月2025 23:46:55.891] [main/DEBUG] [mixin/]: Instancing new MixinPlatformAgentDefault for ModLauncher Root Container(ModLauncher:4f56a0a2)
[242月2025 23:46:55.891] [main/DEBUG] [mixin/]: MixinPlatformAgentDefault accepted container ModLauncher Root Container(ModLauncher:4f56a0a2)
[242月2025 23:46:55.906] [main/DEBUG] [cpw.mods.modlauncher.TransformationServiceDecorator/MODLAUNCHER]: Initialized transformation service mixin
[242月2025 23:46:55.908] [main/DEBUG] [cpw.mods.modlauncher.TransformationServiceDecorator/MODLAUNCHER]: Initializing transformation service fml
[242月2025 23:46:55.909] [main/DEBUG] [net.minecraftforge.fml.loading.FMLServiceProvider/CORE]: Setting up basic FML game directories
[242月2025 23:46:55.910] [main/DEBUG] [net.minecraftforge.fml.loading.FMLPaths/CORE]: Path GAMEDIR is E:\moddig\project\UltimateEnchantment\UltimateEnchantment-forge-1.20.1\run-data
[242月2025 23:46:55.911] [main/DEBUG] [net.minecraftforge.fml.loading.FMLPaths/CORE]: Path MODSDIR is E:\moddig\project\UltimateEnchantment\UltimateEnchantment-forge-1.20.1\run-data\mods
[242月2025 23:46:55.912] [main/DEBUG] [net.minecraftforge.fml.loading.FMLPaths/CORE]: Path CONFIGDIR is E:\moddig\project\UltimateEnchantment\UltimateEnchantment-forge-1.20.1\run-data\config
[242月2025 23:46:55.915] [main/DEBUG] [net.minecraftforge.fml.loading.FMLPaths/CORE]: Path FMLCONFIG is E:\moddig\project\UltimateEnchantment\UltimateEnchantment-forge-1.20.1\run-data\config\fml.toml
[242月2025 23:46:55.917] [main/DEBUG] [net.minecraftforge.fml.loading.FMLServiceProvider/CORE]: Loading configuration
[242月2025 23:46:55.923] [main/DEBUG] [net.minecraftforge.fml.loading.FMLServiceProvider/CORE]: Preparing ModFile
[242月2025 23:46:55.928] [main/DEBUG] [net.minecraftforge.fml.loading.FMLServiceProvider/CORE]: Preparing launch handler
[242月2025 23:46:55.928] [main/DEBUG] [net.minecraftforge.fml.loading.FMLLoader/CORE]: Using forgedatauserdev as launch service
[242月2025 23:46:55.960] [main/DEBUG] [net.minecraftforge.fml.loading.FMLLoader/CORE]: Received command line version data  : VersionInfo[forgeVersion=47.3.0, mcVersion=1.20.1, mcpVersion=20230612.114412, forgeGroup=net.minecraftforge]
[242月2025 23:46:55.969] [main/DEBUG] [cpw.mods.modlauncher.TransformationServiceDecorator/MODLAUNCHER]: Initialized transformation service fml
[242月2025 23:46:55.970] [main/DEBUG] [cpw.mods.modlauncher.NameMappingServiceHandler/MODLAUNCHER]: Current naming domain is 'mcp'
[242月2025 23:46:55.972] [main/DEBUG] [cpw.mods.modlauncher.NameMappingServiceHandler/MODLAUNCHER]: Identified name mapping providers {srg=srgtomcp:1234}
[242月2025 23:46:55.972] [main/DEBUG] [cpw.mods.modlauncher.TransformationServicesHandler/MODLAUNCHER]: Transformation services begin scanning
[242月2025 23:46:55.973] [main/DEBUG] [cpw.mods.modlauncher.TransformationServiceDecorator/MODLAUNCHER]: Beginning scan trigger - transformation service mixin
[242月2025 23:46:55.974] [main/DEBUG] [cpw.mods.modlauncher.TransformationServiceDecorator/MODLAUNCHER]: End scan trigger - transformation service mixin
[242月2025 23:46:55.974] [main/DEBUG] [cpw.mods.modlauncher.TransformationServiceDecorator/MODLAUNCHER]: Beginning scan trigger - transformation service fml
[242月2025 23:46:55.974] [main/DEBUG] [net.minecraftforge.fml.loading.FMLServiceProvider/CORE]: Initiating mod scan
[242月2025 23:46:55.997] [main/DEBUG] [net.minecraftforge.fml.loading.moddiscovery.ModListHandler/CORE]: Found mod coordinates from lists: []
[242月2025 23:46:56.005] [main/DEBUG] [net.minecraftforge.fml.loading.moddiscovery.ModDiscoverer/CORE]: Found Mod Locators : (mods folder:null),(maven libs:null),(exploded directory:null),(minecraft:null),(userdev classpath:null)
[242月2025 23:46:56.006] [main/DEBUG] [net.minecraftforge.fml.loading.moddiscovery.ModDiscoverer/CORE]: Found Dependency Locators : (JarInJar:null)
[242月2025 23:46:56.022] [main/DEBUG] [net.minecraftforge.fml.loading.targets.CommonLaunchHandler/CORE]: Got mod coordinates ultimate_enchantment%%E:\moddig\project\UltimateEnchantment\UltimateEnchantment-forge-1.20.1\build\resources\main;ultimate_enchantment%%E:\moddig\project\UltimateEnchantment\UltimateEnchantment-forge-1.20.1\build\classes\java\main from env
[242月2025 23:46:56.025] [main/DEBUG] [net.minecraftforge.fml.loading.targets.CommonLaunchHandler/CORE]: Found supplied mod coordinates [{ultimate_enchantment=[E:\moddig\project\UltimateEnchantment\UltimateEnchantment-forge-1.20.1\build\resources\main, E:\moddig\project\UltimateEnchantment\UltimateEnchantment-forge-1.20.1\build\classes\java\main]}]
[242月2025 23:46:56.439] [main/DEBUG] [net.minecraftforge.fml.loading.moddiscovery.ModFileInfo/LOADING]: Found valid mod file forge-1.20.1-47.3.0_mapped_parchment_2023.06.26-1.20.1-recomp.jar with {minecraft} mods - versions {1.20.1}
[242月2025 23:46:56.456] [main/DEBUG] [net.minecraftforge.fml.loading.moddiscovery.ModFileParser/LOADING]: Considering mod file candidate D:\.gradle\caches\modules-2\files-2.1\net.minecraftforge\javafmllanguage\1.20.1-47.3.0\d7ebc62120f202109e300e084ca1a31a7b946a62\javafmllanguage-1.20.1-47.3.0.jar
[242月2025 23:46:56.456] [main/WARN] [net.minecraftforge.fml.loading.moddiscovery.ModFileParser/LOADING]: Mod file D:\.gradle\caches\modules-2\files-2.1\net.minecraftforge\javafmllanguage\1.20.1-47.3.0\d7ebc62120f202109e300e084ca1a31a7b946a62\javafmllanguage-1.20.1-47.3.0.jar is missing mods.toml file
[242月2025 23:46:56.473] [main/DEBUG] [net.minecraftforge.fml.loading.moddiscovery.ModFileParser/LOADING]: Considering mod file candidate D:\.gradle\caches\modules-2\files-2.1\net.minecraftforge\lowcodelanguage\1.20.1-47.3.0\1bf3e845ea0ce750096da8c71c8364b188ab74d4\lowcodelanguage-1.20.1-47.3.0.jar
[242月2025 23:46:56.474] [main/WARN] [net.minecraftforge.fml.loading.moddiscovery.ModFileParser/LOADING]: Mod file D:\.gradle\caches\modules-2\files-2.1\net.minecraftforge\lowcodelanguage\1.20.1-47.3.0\1bf3e845ea0ce750096da8c71c8364b188ab74d4\lowcodelanguage-1.20.1-47.3.0.jar is missing mods.toml file
[242月2025 23:46:56.485] [main/DEBUG] [net.minecraftforge.fml.loading.moddiscovery.ModFileParser/LOADING]: Considering mod file candidate D:\.gradle\caches\modules-2\files-2.1\net.minecraftforge\mclanguage\1.20.1-47.3.0\6093682e943ddccbabf70539319d7f2fe64db2e7\mclanguage-1.20.1-47.3.0.jar
[242月2025 23:46:56.486] [main/WARN] [net.minecraftforge.fml.loading.moddiscovery.ModFileParser/LOADING]: Mod file D:\.gradle\caches\modules-2\files-2.1\net.minecraftforge\mclanguage\1.20.1-47.3.0\6093682e943ddccbabf70539319d7f2fe64db2e7\mclanguage-1.20.1-47.3.0.jar is missing mods.toml file
[242月2025 23:46:56.494] [main/DEBUG] [net.minecraftforge.fml.loading.moddiscovery.ModFileParser/LOADING]: Considering mod file candidate D:\.gradle\caches\modules-2\files-2.1\net.minecraftforge\fmlcore\1.20.1-47.3.0\3b6be96aba3e323f3c918e8ef6a96312d82d76ad\fmlcore-1.20.1-47.3.0.jar
[242月2025 23:46:56.495] [main/WARN] [net.minecraftforge.fml.loading.moddiscovery.ModFileParser/LOADING]: Mod file D:\.gradle\caches\modules-2\files-2.1\net.minecraftforge\fmlcore\1.20.1-47.3.0\3b6be96aba3e323f3c918e8ef6a96312d82d76ad\fmlcore-1.20.1-47.3.0.jar is missing mods.toml file
[242月2025 23:46:56.506] [main/DEBUG] [net.minecraftforge.fml.loading.moddiscovery.ModFileParser/LOADING]: Considering mod file candidate E:\moddig\project\UltimateEnchantment\UltimateEnchantment-forge-1.20.1\build\resources\main
[242月2025 23:46:56.515] [main/DEBUG] [net.minecraftforge.fml.loading.moddiscovery.ModFileInfo/LOADING]: Found valid mod file main with {ultimate_enchantment} mods - versions {2001.2.2}
[242月2025 23:46:56.519] [main/DEBUG] [net.minecraftforge.fml.loading.moddiscovery.ModFileParser/LOADING]: Considering mod file candidate /
[242月2025 23:46:56.522] [main/DEBUG] [net.minecraftforge.fml.loading.moddiscovery.ModFileInfo/LOADING]: Found valid mod file  with {forge} mods - versions {47.3.0}
[242月2025 23:46:56.567] [main/DEBUG] [net.minecraftforge.fml.loading.moddiscovery.ModFileParser/LOADING]: Considering mod file candidate D:\.gradle\caches\forge_gradle\deobf_dependencies\blank\ApothicAttributes-1.20.1\1.3.7_mapped_parchment_2023.06.26-1.20.1\ApothicAttributes-1.20.1-1.3.7_mapped_parchment_2023.06.26-1.20.1.jar
[242月2025 23:46:56.568] [main/DEBUG] [net.minecraftforge.fml.loading.moddiscovery.ModFileInfo/LOADING]: Found valid mod file ApothicAttributes-1.20.1-1.3.7_mapped_parchment_2023.06.26-1.20.1.jar with {attributeslib} mods - versions {1.3.7}
[242月2025 23:46:56.575] [main/DEBUG] [net.minecraftforge.fml.loading.moddiscovery.ModFileParser/LOADING]: Considering mod file candidate D:\.gradle\caches\forge_gradle\deobf_dependencies\blank\Placebo-1.20.1\8.6.2_mapped_parchment_2023.06.26-1.20.1\Placebo-1.20.1-8.6.2_mapped_parchment_2023.06.26-1.20.1.jar
[242月2025 23:46:56.576] [main/DEBUG] [net.minecraftforge.fml.loading.moddiscovery.ModFileInfo/LOADING]: Found valid mod file Placebo-1.20.1-8.6.2_mapped_parchment_2023.06.26-1.20.1.jar with {placebo} mods - versions {8.6.2}
[242月2025 23:46:56.594] [main/DEBUG] [net.minecraftforge.fml.loading.moddiscovery.ModFileParser/LOADING]: Considering mod file candidate D:\.gradle\caches\forge_gradle\deobf_dependencies\blank\Apotheosis-1.20.1\7.4.3_mapped_parchment_2023.06.26-1.20.1\Apotheosis-1.20.1-7.4.3_mapped_parchment_2023.06.26-1.20.1.jar
[242月2025 23:46:56.598] [main/DEBUG] [net.minecraftforge.fml.loading.moddiscovery.ModFileInfo/LOADING]: Found valid mod file Apotheosis-1.20.1-7.4.3_mapped_parchment_2023.06.26-1.20.1.jar with {apotheosis} mods - versions {7.4.3}
[242月2025 23:46:56.607] [main/DEBUG] [net.minecraftforge.fml.loading.moddiscovery.ModFileParser/LOADING]: Considering mod file candidate D:\.gradle\caches\forge_gradle\deobf_dependencies\blank\TES-forge-1.20.1\1.5.1_mapped_parchment_2023.06.26-1.20.1\TES-forge-1.20.1-1.5.1_mapped_parchment_2023.06.26-1.20.1.jar
[242月2025 23:46:56.609] [main/DEBUG] [net.minecraftforge.fml.loading.moddiscovery.ModFileInfo/LOADING]: Found valid mod file TES-forge-1.20.1-1.5.1_mapped_parchment_2023.06.26-1.20.1.jar with {tslatentitystatus} mods - versions {1.5.1}
[242月2025 23:46:56.632] [main/DEBUG] [net.minecraftforge.fml.loading.moddiscovery.ModFileParser/LOADING]: Considering mod file candidate D:\.gradle\caches\forge_gradle\deobf_dependencies\blank\twilightforest-1.20.1\4.3.2508-universal_mapped_parchment_2023.06.26-1.20.1\twilightforest-1.20.1-4.3.2508-universal_mapped_parchment_2023.06.26-1.20.1.jar
[242月2025 23:46:56.637] [main/DEBUG] [net.minecraftforge.fml.loading.moddiscovery.ModFileInfo/LOADING]: Found valid mod file twilightforest-1.20.1-4.3.2508-universal_mapped_parchment_2023.06.26-1.20.1.jar with {twilightforest} mods - versions {4.3.2508}
[242月2025 23:46:56.648] [main/DEBUG] [net.minecraftforge.fml.loading.moddiscovery.ModFileParser/LOADING]: Considering mod file candidate D:\.gradle\caches\forge_gradle\deobf_dependencies\blank\SlashBladeResharped-1.20.1\1.1.10_mapped_parchment_2023.06.26-1.20.1\SlashBladeResharped-1.20.1-1.1.10_mapped_parchment_2023.06.26-1.20.1.jar
[242月2025 23:46:56.649] [main/DEBUG] [net.minecraftforge.fml.loading.moddiscovery.ModFileInfo/LOADING]: Found valid mod file SlashBladeResharped-1.20.1-1.1.10_mapped_parchment_2023.06.26-1.20.1.jar with {slashblade} mods - versions {1.1.10}
[242月2025 23:46:56.657] [main/DEBUG] [net.minecraftforge.fml.loading.moddiscovery.ModFileParser/LOADING]: Considering mod file candidate D:\.gradle\caches\forge_gradle\deobf_dependencies\blank\touhoulittlemaid-1.20.1-release\1.1.13_mapped_parchment_2023.06.26-1.20.1\touhoulittlemaid-1.20.1-release-1.1.13_mapped_parchment_2023.06.26-1.20.1.jar
[242月2025 23:46:56.658] [main/DEBUG] [net.minecraftforge.fml.loading.moddiscovery.ModFileInfo/LOADING]: Found valid mod file touhoulittlemaid-1.20.1-release-1.1.13_mapped_parchment_2023.06.26-1.20.1.jar with {touhou_little_maid} mods - versions {1.1.13}
[242月2025 23:46:56.669] [main/DEBUG] [net.minecraftforge.fml.loading.moddiscovery.ModFileParser/LOADING]: Considering mod file candidate D:\.gradle\caches\forge_gradle\deobf_dependencies\blank\CyclopsCore-1.20.1\1.19.5_mapped_parchment_2023.06.26-1.20.1\CyclopsCore-1.20.1-1.19.5_mapped_parchment_2023.06.26-1.20.1.jar
[242月2025 23:46:56.670] [main/DEBUG] [net.minecraftforge.fml.loading.moddiscovery.ModFileInfo/LOADING]: Found valid mod file CyclopsCore-1.20.1-1.19.5_mapped_parchment_2023.06.26-1.20.1.jar with {cyclopscore} mods - versions {1.19.5}
[242月2025 23:46:56.679] [main/DEBUG] [net.minecraftforge.fml.loading.moddiscovery.ModFileParser/LOADING]: Considering mod file candidate D:\.gradle\caches\forge_gradle\deobf_dependencies\blank\EverlastingAbilities-1.20.1\2.2.0_mapped_parchment_2023.06.26-1.20.1\EverlastingAbilities-1.20.1-2.2.0_mapped_parchment_2023.06.26-1.20.1.jar
[242月2025 23:46:56.681] [main/DEBUG] [net.minecraftforge.fml.loading.moddiscovery.ModFileInfo/LOADING]: Found valid mod file EverlastingAbilities-1.20.1-2.2.0_mapped_parchment_2023.06.26-1.20.1.jar with {everlastingabilities} mods - versions {2.2.0}
[242月2025 23:46:56.690] [main/DEBUG] [net.minecraftforge.fml.loading.moddiscovery.ModFileParser/LOADING]: Considering mod file candidate D:\.gradle\caches\forge_gradle\deobf_dependencies\blank\EnchantmentDescriptions-Forge-1.20.1\17.1.19_mapped_parchment_2023.06.26-1.20.1\EnchantmentDescriptions-Forge-1.20.1-17.1.19_mapped_parchment_2023.06.26-1.20.1.jar
[242月2025 23:46:56.691] [main/DEBUG] [net.minecraftforge.fml.loading.moddiscovery.ModFileInfo/LOADING]: Found valid mod file EnchantmentDescriptions-Forge-1.20.1-17.1.19_mapped_parchment_2023.06.26-1.20.1.jar with {enchdesc} mods - versions {17.1.19}
[242月2025 23:46:56.707] [main/DEBUG] [net.minecraftforge.fml.loading.moddiscovery.ModFileParser/LOADING]: Considering mod file candidate D:\.gradle\caches\forge_gradle\deobf_dependencies\blank\Bookshelf-Forge-1.20.1\20.2.13_mapped_parchment_2023.06.26-1.20.1\Bookshelf-Forge-1.20.1-20.2.13_mapped_parchment_2023.06.26-1.20.1.jar
[242月2025 23:46:56.708] [main/DEBUG] [net.minecraftforge.fml.loading.moddiscovery.ModFileInfo/LOADING]: Found valid mod file Bookshelf-Forge-1.20.1-20.2.13_mapped_parchment_2023.06.26-1.20.1.jar with {bookshelf} mods - versions {20.2.13}
[242月2025 23:46:56.721] [main/DEBUG] [net.minecraftforge.fml.loading.moddiscovery.ModFileParser/LOADING]: Considering mod file candidate D:\.gradle\caches\forge_gradle\deobf_dependencies\blank\EnchantingInfuser\8.0.3_mapped_parchment_2023.06.26-1.20.1\EnchantingInfuser-8.0.3_mapped_parchment_2023.06.26-1.20.1.jar
[242月2025 23:46:56.723] [main/DEBUG] [net.minecraftforge.fml.loading.moddiscovery.ModFileInfo/LOADING]: Found valid mod file EnchantingInfuser-8.0.3_mapped_parchment_2023.06.26-1.20.1.jar with {enchantinginfuser} mods - versions {8.0.3}
[242月2025 23:46:56.738] [main/DEBUG] [net.minecraftforge.fml.loading.moddiscovery.ModFileParser/LOADING]: Considering mod file candidate D:\.gradle\caches\forge_gradle\deobf_dependencies\blank\PuzzlesLib\8.1.25_mapped_parchment_2023.06.26-1.20.1\PuzzlesLib-8.1.25_mapped_parchment_2023.06.26-1.20.1.jar
[242月2025 23:46:56.740] [main/DEBUG] [net.minecraftforge.fml.loading.moddiscovery.ModFileInfo/LOADING]: Found valid mod file PuzzlesLib-8.1.25_mapped_parchment_2023.06.26-1.20.1.jar with {puzzleslib} mods - versions {8.1.25}
[242月2025 23:46:56.754] [main/DEBUG] [net.minecraftforge.fml.loading.moddiscovery.ModFileParser/LOADING]: Considering mod file candidate D:\.gradle\caches\forge_gradle\deobf_dependencies\blank\jei-1.20.1-forge\15.20.0.106_mapped_parchment_2023.06.26-1.20.1\jei-1.20.1-forge-15.20.0.106_mapped_parchment_2023.06.26-1.20.1.jar
[242月2025 23:46:56.756] [main/DEBUG] [net.minecraftforge.fml.loading.moddiscovery.ModFileInfo/LOADING]: Found valid mod file jei-1.20.1-forge-15.20.0.106_mapped_parchment_2023.06.26-1.20.1.jar with {jei} mods - versions {15.20.0.106}
[242月2025 23:46:56.807] [main/DEBUG] [net.minecraftforge.fml.loading.moddiscovery.ModFileParser/LOADING]: Considering mod file candidate D:\.gradle\caches\forge_gradle\deobf_dependencies\blank\ApothicAttributes-1.20.1\1.3.7_mapped_parchment_2023.06.26-1.20.1\ApothicAttributes-1.20.1-1.3.7_mapped_parchment_2023.06.26-1.20.1.jar
[242月2025 23:46:56.808] [main/DEBUG] [net.minecraftforge.fml.loading.moddiscovery.ModFileInfo/LOADING]: Found valid mod file ApothicAttributes-1.20.1-1.3.7_mapped_parchment_2023.06.26-1.20.1.jar with {attributeslib} mods - versions {1.3.7}
[242月2025 23:46:56.820] [main/DEBUG] [net.minecraftforge.fml.loading.moddiscovery.ModFileParser/LOADING]: Considering mod file candidate D:\.gradle\caches\forge_gradle\deobf_dependencies\blank\Placebo-1.20.1\8.6.2_mapped_parchment_2023.06.26-1.20.1\Placebo-1.20.1-8.6.2_mapped_parchment_2023.06.26-1.20.1.jar
[242月2025 23:46:56.820] [main/DEBUG] [net.minecraftforge.fml.loading.moddiscovery.ModFileInfo/LOADING]: Found valid mod file Placebo-1.20.1-8.6.2_mapped_parchment_2023.06.26-1.20.1.jar with {placebo} mods - versions {8.6.2}
[242月2025 23:46:56.832] [main/DEBUG] [net.minecraftforge.fml.loading.moddiscovery.ModFileParser/LOADING]: Considering mod file candidate D:\.gradle\caches\forge_gradle\deobf_dependencies\blank\Apotheosis-1.20.1\7.4.3_mapped_parchment_2023.06.26-1.20.1\Apotheosis-1.20.1-7.4.3_mapped_parchment_2023.06.26-1.20.1.jar
[242月2025 23:46:56.833] [main/DEBUG] [net.minecraftforge.fml.loading.moddiscovery.ModFileInfo/LOADING]: Found valid mod file Apotheosis-1.20.1-7.4.3_mapped_parchment_2023.06.26-1.20.1.jar with {apotheosis} mods - versions {7.4.3}
[242月2025 23:46:56.840] [main/DEBUG] [net.minecraftforge.fml.loading.moddiscovery.ModFileParser/LOADING]: Considering mod file candidate D:\.gradle\caches\forge_gradle\deobf_dependencies\blank\TES-forge-1.20.1\1.5.1_mapped_parchment_2023.06.26-1.20.1\TES-forge-1.20.1-1.5.1_mapped_parchment_2023.06.26-1.20.1.jar
[242月2025 23:46:56.841] [main/DEBUG] [net.minecraftforge.fml.loading.moddiscovery.ModFileInfo/LOADING]: Found valid mod file TES-forge-1.20.1-1.5.1_mapped_parchment_2023.06.26-1.20.1.jar with {tslatentitystatus} mods - versions {1.5.1}
[242月2025 23:46:56.856] [main/DEBUG] [net.minecraftforge.fml.loading.moddiscovery.ModFileParser/LOADING]: Considering mod file candidate D:\.gradle\caches\forge_gradle\deobf_dependencies\blank\twilightforest-1.20.1\4.3.2508-universal_mapped_parchment_2023.06.26-1.20.1\twilightforest-1.20.1-4.3.2508-universal_mapped_parchment_2023.06.26-1.20.1.jar
[242月2025 23:46:56.857] [main/DEBUG] [net.minecraftforge.fml.loading.moddiscovery.ModFileInfo/LOADING]: Found valid mod file twilightforest-1.20.1-4.3.2508-universal_mapped_parchment_2023.06.26-1.20.1.jar with {twilightforest} mods - versions {4.3.2508}
[242月2025 23:46:56.869] [main/DEBUG] [net.minecraftforge.fml.loading.moddiscovery.ModFileParser/LOADING]: Considering mod file candidate D:\.gradle\caches\forge_gradle\deobf_dependencies\blank\SlashBladeResharped-1.20.1\1.1.10_mapped_parchment_2023.06.26-1.20.1\SlashBladeResharped-1.20.1-1.1.10_mapped_parchment_2023.06.26-1.20.1.jar
[242月2025 23:46:56.870] [main/DEBUG] [net.minecraftforge.fml.loading.moddiscovery.ModFileInfo/LOADING]: Found valid mod file SlashBladeResharped-1.20.1-1.1.10_mapped_parchment_2023.06.26-1.20.1.jar with {slashblade} mods - versions {1.1.10}
[242月2025 23:46:56.881] [main/DEBUG] [net.minecraftforge.fml.loading.moddiscovery.ModFileParser/LOADING]: Considering mod file candidate D:\.gradle\caches\forge_gradle\deobf_dependencies\blank\touhoulittlemaid-1.20.1-release\1.1.13_mapped_parchment_2023.06.26-1.20.1\touhoulittlemaid-1.20.1-release-1.1.13_mapped_parchment_2023.06.26-1.20.1.jar
[242月2025 23:46:56.882] [main/DEBUG] [net.minecraftforge.fml.loading.moddiscovery.ModFileInfo/LOADING]: Found valid mod file touhoulittlemaid-1.20.1-release-1.1.13_mapped_parchment_2023.06.26-1.20.1.jar with {touhou_little_maid} mods - versions {1.1.13}
[242月2025 23:46:56.890] [main/DEBUG] [net.minecraftforge.fml.loading.moddiscovery.ModFileParser/LOADING]: Considering mod file candidate D:\.gradle\caches\forge_gradle\deobf_dependencies\blank\CyclopsCore-1.20.1\1.19.5_mapped_parchment_2023.06.26-1.20.1\CyclopsCore-1.20.1-1.19.5_mapped_parchment_2023.06.26-1.20.1.jar
[242月2025 23:46:56.891] [main/DEBUG] [net.minecraftforge.fml.loading.moddiscovery.ModFileInfo/LOADING]: Found valid mod file CyclopsCore-1.20.1-1.19.5_mapped_parchment_2023.06.26-1.20.1.jar with {cyclopscore} mods - versions {1.19.5}
[242月2025 23:46:56.905] [main/DEBUG] [net.minecraftforge.fml.loading.moddiscovery.ModFileParser/LOADING]: Considering mod file candidate D:\.gradle\caches\forge_gradle\deobf_dependencies\blank\EverlastingAbilities-1.20.1\2.2.0_mapped_parchment_2023.06.26-1.20.1\EverlastingAbilities-1.20.1-2.2.0_mapped_parchment_2023.06.26-1.20.1.jar
[242月2025 23:46:56.906] [main/DEBUG] [net.minecraftforge.fml.loading.moddiscovery.ModFileInfo/LOADING]: Found valid mod file EverlastingAbilities-1.20.1-2.2.0_mapped_parchment_2023.06.26-1.20.1.jar with {everlastingabilities} mods - versions {2.2.0}
[242月2025 23:46:56.916] [main/DEBUG] [net.minecraftforge.fml.loading.moddiscovery.ModFileParser/LOADING]: Considering mod file candidate D:\.gradle\caches\forge_gradle\deobf_dependencies\blank\EnchantmentDescriptions-Forge-1.20.1\17.1.19_mapped_parchment_2023.06.26-1.20.1\EnchantmentDescriptions-Forge-1.20.1-17.1.19_mapped_parchment_2023.06.26-1.20.1.jar
[242月2025 23:46:56.942] [main/DEBUG] [net.minecraftforge.fml.loading.moddiscovery.ModFileInfo/LOADING]: Found valid mod file EnchantmentDescriptions-Forge-1.20.1-17.1.19_mapped_parchment_2023.06.26-1.20.1.jar with {enchdesc} mods - versions {17.1.19}
[242月2025 23:46:56.953] [main/DEBUG] [net.minecraftforge.fml.loading.moddiscovery.ModFileParser/LOADING]: Considering mod file candidate D:\.gradle\caches\forge_gradle\deobf_dependencies\blank\Bookshelf-Forge-1.20.1\20.2.13_mapped_parchment_2023.06.26-1.20.1\Bookshelf-Forge-1.20.1-20.2.13_mapped_parchment_2023.06.26-1.20.1.jar
[242月2025 23:46:56.953] [main/DEBUG] [net.minecraftforge.fml.loading.moddiscovery.ModFileInfo/LOADING]: Found valid mod file Bookshelf-Forge-1.20.1-20.2.13_mapped_parchment_2023.06.26-1.20.1.jar with {bookshelf} mods - versions {20.2.13}
[242月2025 23:46:56.961] [main/DEBUG] [net.minecraftforge.fml.loading.moddiscovery.ModFileParser/LOADING]: Considering mod file candidate D:\.gradle\caches\forge_gradle\deobf_dependencies\blank\EnchantingInfuser\8.0.3_mapped_parchment_2023.06.26-1.20.1\EnchantingInfuser-8.0.3_mapped_parchment_2023.06.26-1.20.1.jar
[242月2025 23:46:56.964] [main/DEBUG] [net.minecraftforge.fml.loading.moddiscovery.ModFileInfo/LOADING]: Found valid mod file EnchantingInfuser-8.0.3_mapped_parchment_2023.06.26-1.20.1.jar with {enchantinginfuser} mods - versions {8.0.3}
[242月2025 23:46:56.971] [main/DEBUG] [net.minecraftforge.fml.loading.moddiscovery.ModFileParser/LOADING]: Considering mod file candidate D:\.gradle\caches\forge_gradle\deobf_dependencies\blank\PuzzlesLib\8.1.25_mapped_parchment_2023.06.26-1.20.1\PuzzlesLib-8.1.25_mapped_parchment_2023.06.26-1.20.1.jar
[242月2025 23:46:56.972] [main/DEBUG] [net.minecraftforge.fml.loading.moddiscovery.ModFileInfo/LOADING]: Found valid mod file PuzzlesLib-8.1.25_mapped_parchment_2023.06.26-1.20.1.jar with {puzzleslib} mods - versions {8.1.25}
[242月2025 23:46:56.985] [main/DEBUG] [net.minecraftforge.fml.loading.moddiscovery.ModFileParser/LOADING]: Considering mod file candidate D:\.gradle\caches\forge_gradle\deobf_dependencies\blank\jei-1.20.1-forge\15.20.0.106_mapped_parchment_2023.06.26-1.20.1\jei-1.20.1-forge-15.20.0.106_mapped_parchment_2023.06.26-1.20.1.jar
[242月2025 23:46:56.986] [main/DEBUG] [net.minecraftforge.fml.loading.moddiscovery.ModFileInfo/LOADING]: Found valid mod file jei-1.20.1-forge-15.20.0.106_mapped_parchment_2023.06.26-1.20.1.jar with {jei} mods - versions {15.20.0.106}
[242月2025 23:46:57.006] [main/DEBUG] [net.minecraftforge.fml.loading.UniqueModListBuilder/]: Found 2 mods for first modid attributeslib, selecting most recent based on version data
[242月2025 23:46:57.007] [main/DEBUG] [net.minecraftforge.fml.loading.UniqueModListBuilder/]: Selected file ApothicAttributes-1.20.1-1.3.7_mapped_parchment_2023.06.26-1.20.1.jar for modid attributeslib with version 1.3.7
[242月2025 23:46:57.007] [main/DEBUG] [net.minecraftforge.fml.loading.UniqueModListBuilder/]: Found 2 mods for first modid cyclopscore, selecting most recent based on version data
[242月2025 23:46:57.008] [main/DEBUG] [net.minecraftforge.fml.loading.UniqueModListBuilder/]: Selected file CyclopsCore-1.20.1-1.19.5_mapped_parchment_2023.06.26-1.20.1.jar for modid cyclopscore with version 1.19.5
[242月2025 23:46:57.008] [main/DEBUG] [net.minecraftforge.fml.loading.UniqueModListBuilder/]: Found 2 mods for first modid tslatentitystatus, selecting most recent based on version data
[242月2025 23:46:57.008] [main/DEBUG] [net.minecraftforge.fml.loading.UniqueModListBuilder/]: Selected file TES-forge-1.20.1-1.5.1_mapped_parchment_2023.06.26-1.20.1.jar for modid tslatentitystatus with version 1.5.1
[242月2025 23:46:57.008] [main/DEBUG] [net.minecraftforge.fml.loading.UniqueModListBuilder/]: Found 2 mods for first modid enchdesc, selecting most recent based on version data
[242月2025 23:46:57.008] [main/DEBUG] [net.minecraftforge.fml.loading.UniqueModListBuilder/]: Selected file EnchantmentDescriptions-Forge-1.20.1-17.1.19_mapped_parchment_2023.06.26-1.20.1.jar for modid enchdesc with version 17.1.19
[242月2025 23:46:57.008] [main/DEBUG] [net.minecraftforge.fml.loading.UniqueModListBuilder/]: Found 2 mods for first modid bookshelf, selecting most recent based on version data
[242月2025 23:46:57.008] [main/DEBUG] [net.minecraftforge.fml.loading.UniqueModListBuilder/]: Selected file Bookshelf-Forge-1.20.1-20.2.13_mapped_parchment_2023.06.26-1.20.1.jar for modid bookshelf with version 20.2.13
[242月2025 23:46:57.008] [main/DEBUG] [net.minecraftforge.fml.loading.UniqueModListBuilder/]: Found 2 mods for first modid apotheosis, selecting most recent based on version data
[242月2025 23:46:57.009] [main/DEBUG] [net.minecraftforge.fml.loading.UniqueModListBuilder/]: Selected file Apotheosis-1.20.1-7.4.3_mapped_parchment_2023.06.26-1.20.1.jar for modid apotheosis with version 7.4.3
[242月2025 23:46:57.009] [main/DEBUG] [net.minecraftforge.fml.loading.UniqueModListBuilder/]: Found 2 mods for first modid jei, selecting most recent based on version data
[242月2025 23:46:57.011] [main/DEBUG] [net.minecraftforge.fml.loading.UniqueModListBuilder/]: Selected file jei-1.20.1-forge-15.20.0.106_mapped_parchment_2023.06.26-1.20.1.jar for modid jei with version 15.20.0.106
[242月2025 23:46:57.014] [main/DEBUG] [net.minecraftforge.fml.loading.UniqueModListBuilder/]: Found 2 mods for first modid puzzleslib, selecting most recent based on version data
[242月2025 23:46:57.016] [main/DEBUG] [net.minecraftforge.fml.loading.UniqueModListBuilder/]: Selected file PuzzlesLib-8.1.25_mapped_parchment_2023.06.26-1.20.1.jar for modid puzzleslib with version 8.1.25
[242月2025 23:46:57.016] [main/DEBUG] [net.minecraftforge.fml.loading.UniqueModListBuilder/]: Found 2 mods for first modid everlastingabilities, selecting most recent based on version data
[242月2025 23:46:57.017] [main/DEBUG] [net.minecraftforge.fml.loading.UniqueModListBuilder/]: Selected file EverlastingAbilities-1.20.1-2.2.0_mapped_parchment_2023.06.26-1.20.1.jar for modid everlastingabilities with version 2.2.0
[242月2025 23:46:57.017] [main/DEBUG] [net.minecraftforge.fml.loading.UniqueModListBuilder/]: Found 2 mods for first modid slashblade, selecting most recent based on version data
[242月2025 23:46:57.017] [main/DEBUG] [net.minecraftforge.fml.loading.UniqueModListBuilder/]: Selected file SlashBladeResharped-1.20.1-1.1.10_mapped_parchment_2023.06.26-1.20.1.jar for modid slashblade with version 1.1.10
[242月2025 23:46:57.017] [main/DEBUG] [net.minecraftforge.fml.loading.UniqueModListBuilder/]: Found 2 mods for first modid touhou_little_maid, selecting most recent based on version data
[242月2025 23:46:57.017] [main/DEBUG] [net.minecraftforge.fml.loading.UniqueModListBuilder/]: Selected file touhoulittlemaid-1.20.1-release-1.1.13_mapped_parchment_2023.06.26-1.20.1.jar for modid touhou_little_maid with version 1.1.13
[242月2025 23:46:57.018] [main/DEBUG] [net.minecraftforge.fml.loading.UniqueModListBuilder/]: Found 2 mods for first modid twilightforest, selecting most recent based on version data
[242月2025 23:46:57.018] [main/DEBUG] [net.minecraftforge.fml.loading.UniqueModListBuilder/]: Selected file twilightforest-1.20.1-4.3.2508-universal_mapped_parchment_2023.06.26-1.20.1.jar for modid twilightforest with version 4.3.2508
[242月2025 23:46:57.018] [main/DEBUG] [net.minecraftforge.fml.loading.UniqueModListBuilder/]: Found 2 mods for first modid enchantinginfuser, selecting most recent based on version data
[242月2025 23:46:57.018] [main/DEBUG] [net.minecraftforge.fml.loading.UniqueModListBuilder/]: Selected file EnchantingInfuser-8.0.3_mapped_parchment_2023.06.26-1.20.1.jar for modid enchantinginfuser with version 8.0.3
[242月2025 23:46:57.018] [main/DEBUG] [net.minecraftforge.fml.loading.UniqueModListBuilder/]: Found 2 mods for first modid placebo, selecting most recent based on version data
[242月2025 23:46:57.018] [main/DEBUG] [net.minecraftforge.fml.loading.UniqueModListBuilder/]: Selected file Placebo-1.20.1-8.6.2_mapped_parchment_2023.06.26-1.20.1.jar for modid placebo with version 8.6.2
[242月2025 23:46:57.027] [main/DEBUG] [net.minecraftforge.fml.loading.moddiscovery.AbstractJarFileDependencyLocator/]: Failed to load resource META-INF\jarjar\metadata.json from ApothicAttributes-1.20.1-1.3.7_mapped_parchment_2023.06.26-1.20.1.jar, it does not contain dependency information.
[242月2025 23:46:57.030] [main/DEBUG] [net.minecraftforge.fml.loading.moddiscovery.AbstractJarFileDependencyLocator/]: Failed to load resource META-INF\jarjar\metadata.json from forge-1.20.1-47.3.0_mapped_parchment_2023.06.26-1.20.1-recomp.jar, it does not contain dependency information.
[242月2025 23:46:57.032] [main/DEBUG] [net.minecraftforge.fml.loading.moddiscovery.AbstractJarFileDependencyLocator/]: Failed to load resource META-INF\jarjar\metadata.json from CyclopsCore-1.20.1-1.19.5_mapped_parchment_2023.06.26-1.20.1.jar, it does not contain dependency information.
[242月2025 23:46:57.034] [main/DEBUG] [net.minecraftforge.fml.loading.moddiscovery.AbstractJarFileDependencyLocator/]: Failed to load resource META-INF\jarjar\metadata.json from TES-forge-1.20.1-1.5.1_mapped_parchment_2023.06.26-1.20.1.jar, it does not contain dependency information.
[242月2025 23:46:57.035] [main/DEBUG] [net.minecraftforge.fml.loading.moddiscovery.AbstractJarFileDependencyLocator/]: Failed to load resource META-INF\jarjar\metadata.json from EnchantmentDescriptions-Forge-1.20.1-17.1.19_mapped_parchment_2023.06.26-1.20.1.jar, it does not contain dependency information.
[242月2025 23:46:57.035] [main/DEBUG] [net.minecraftforge.fml.loading.moddiscovery.AbstractJarFileDependencyLocator/]: Failed to load resource META-INF\jarjar\metadata.json from Bookshelf-Forge-1.20.1-20.2.13_mapped_parchment_2023.06.26-1.20.1.jar, it does not contain dependency information.
[242月2025 23:46:57.036] [main/DEBUG] [net.minecraftforge.fml.loading.moddiscovery.AbstractJarFileDependencyLocator/]: Failed to load resource META-INF\jarjar\metadata.json from Apotheosis-1.20.1-7.4.3_mapped_parchment_2023.06.26-1.20.1.jar, it does not contain dependency information.
[242月2025 23:46:57.036] [main/DEBUG] [net.minecraftforge.fml.loading.moddiscovery.AbstractJarFileDependencyLocator/]: Failed to load resource META-INF\jarjar\metadata.json from jei-1.20.1-forge-15.20.0.106_mapped_parchment_2023.06.26-1.20.1.jar, it does not contain dependency information.
[242月2025 23:46:57.036] [main/DEBUG] [net.minecraftforge.fml.loading.moddiscovery.AbstractJarFileDependencyLocator/]: Failed to load resource META-INF\jarjar\metadata.json from EverlastingAbilities-1.20.1-2.2.0_mapped_parchment_2023.06.26-1.20.1.jar, it does not contain dependency information.
[242月2025 23:46:57.036] [main/DEBUG] [net.minecraftforge.fml.loading.moddiscovery.AbstractJarFileDependencyLocator/]: Failed to load resource META-INF\jarjar\metadata.json from SlashBladeResharped-1.20.1-1.1.10_mapped_parchment_2023.06.26-1.20.1.jar, it does not contain dependency information.
[242月2025 23:46:57.037] [main/DEBUG] [net.minecraftforge.fml.loading.moddiscovery.AbstractJarFileDependencyLocator/]: Failed to load resource META-INF\jarjar\metadata.json from main, it does not contain dependency information.
[242月2025 23:46:57.038] [main/DEBUG] [net.minecraftforge.fml.loading.moddiscovery.AbstractJarFileDependencyLocator/]: Failed to load resource META-INF\jarjar\metadata.json from , it does not contain dependency information.
[242月2025 23:46:57.038] [main/DEBUG] [net.minecraftforge.fml.loading.moddiscovery.AbstractJarFileDependencyLocator/]: Failed to load resource META-INF\jarjar\metadata.json from touhoulittlemaid-1.20.1-release-1.1.13_mapped_parchment_2023.06.26-1.20.1.jar, it does not contain dependency information.
[242月2025 23:46:57.038] [main/DEBUG] [net.minecraftforge.fml.loading.moddiscovery.AbstractJarFileDependencyLocator/]: Failed to load resource META-INF\jarjar\metadata.json from twilightforest-1.20.1-4.3.2508-universal_mapped_parchment_2023.06.26-1.20.1.jar, it does not contain dependency information.
[242月2025 23:46:57.038] [main/DEBUG] [net.minecraftforge.fml.loading.moddiscovery.AbstractJarFileDependencyLocator/]: Failed to load resource META-INF\jarjar\metadata.json from Placebo-1.20.1-8.6.2_mapped_parchment_2023.06.26-1.20.1.jar, it does not contain dependency information.
[242月2025 23:46:57.039] [main/DEBUG] [net.minecraftforge.fml.loading.moddiscovery.AbstractJarFileDependencyLocator/]: Failed to load resource META-INF\jarjar\metadata.json from mclanguage-1.20.1-47.3.0.jar, it does not contain dependency information.
[242月2025 23:46:57.039] [main/DEBUG] [net.minecraftforge.fml.loading.moddiscovery.AbstractJarFileDependencyLocator/]: Failed to load resource META-INF\jarjar\metadata.json from javafmllanguage-1.20.1-47.3.0.jar, it does not contain dependency information.
[242月2025 23:46:57.040] [main/DEBUG] [net.minecraftforge.fml.loading.moddiscovery.AbstractJarFileDependencyLocator/]: Failed to load resource META-INF\jarjar\metadata.json from fmlcore-1.20.1-47.3.0.jar, it does not contain dependency information.
[242月2025 23:46:57.040] [main/DEBUG] [net.minecraftforge.fml.loading.moddiscovery.AbstractJarFileDependencyLocator/]: Failed to load resource META-INF\jarjar\metadata.json from lowcodelanguage-1.20.1-47.3.0.jar, it does not contain dependency information.
[242月2025 23:46:57.152] [main/DEBUG] [net.minecraftforge.fml.loading.moddiscovery.ModFileParser/LOADING]: Considering mod file candidate 
[242月2025 23:46:57.153] [main/DEBUG] [net.minecraftforge.fml.loading.moddiscovery.ModFileInfo/LOADING]: Found valid mod file puzzlesaccessapi-forge-8.0.7.jar with {puzzlesaccessapi} mods - versions {8.0.7}
[242月2025 23:46:57.205] [main/DEBUG] [net.minecraftforge.fml.loading.moddiscovery.ModFileParser/LOADING]: Considering mod file candidate 
[242月2025 23:46:57.205] [main/DEBUG] [net.minecraftforge.fml.loading.moddiscovery.ModFileInfo/LOADING]: Found valid mod file puzzlesaccessapi-forge-8.0.7.jar with {puzzlesaccessapi} mods - versions {8.0.7}
[242月2025 23:46:57.207] [main/INFO] [net.minecraftforge.fml.loading.moddiscovery.JarInJarDependencyLocator/]: Found 1 dependencies adding them to mods collection
[242月2025 23:46:57.216] [main/DEBUG] [net.minecraftforge.fml.loading.moddiscovery.ModFileInfo/LOADING]: Found valid mod file forge-1.20.1-47.3.0_mapped_parchment_2023.06.26-1.20.1-recomp.jar with {minecraft} mods - versions {1.20.1}
[242月2025 23:46:57.221] [main/DEBUG] [net.minecraftforge.fml.loading.moddiscovery.ModFile/LOADING]: Loading mod file E:\moddig\project\UltimateEnchantment\UltimateEnchantment-forge-1.20.1\build\fg_cache\net\minecraftforge\forge\1.20.1-47.3.0_mapped_parchment_2023.06.26-1.20.1\forge-1.20.1-47.3.0_mapped_parchment_2023.06.26-1.20.1-recomp.jar with languages [LanguageSpec[languageName=minecraft, acceptedVersions=1]]
[242月2025 23:46:57.222] [main/DEBUG] [net.minecraftforge.fml.loading.moddiscovery.ModFileParser/LOADING]: Considering mod file candidate D:\.gradle\caches\forge_gradle\deobf_dependencies\blank\ApothicAttributes-1.20.1\1.3.7_mapped_parchment_2023.06.26-1.20.1\ApothicAttributes-1.20.1-1.3.7_mapped_parchment_2023.06.26-1.20.1.jar
[242月2025 23:46:57.223] [main/DEBUG] [net.minecraftforge.fml.loading.moddiscovery.ModFileInfo/LOADING]: Found valid mod file ApothicAttributes-1.20.1-1.3.7_mapped_parchment_2023.06.26-1.20.1.jar with {attributeslib} mods - versions {1.3.7}
[242月2025 23:46:57.224] [main/DEBUG] [net.minecraftforge.fml.loading.moddiscovery.ModFile/LOADING]: Loading mod file D:\.gradle\caches\forge_gradle\deobf_dependencies\blank\ApothicAttributes-1.20.1\1.3.7_mapped_parchment_2023.06.26-1.20.1\ApothicAttributes-1.20.1-1.3.7_mapped_parchment_2023.06.26-1.20.1.jar with languages [LanguageSpec[languageName=javafml, acceptedVersions=[32,)]]
[242月2025 23:46:57.233] [main/DEBUG] [net.minecraftforge.fml.loading.moddiscovery.ModFileParser/LOADING]: Found coremod attributeslib_potion_gui_tooltips with Javascript path coremods/potion_gui_tooltips.js
[242月2025 23:46:57.234] [main/DEBUG] [net.minecraftforge.fml.loading.moddiscovery.ModFile/LOADING]: Found coremod coremods/potion_gui_tooltips.js
[242月2025 23:46:57.235] [main/DEBUG] [net.minecraftforge.fml.loading.moddiscovery.ModFileParser/LOADING]: Considering mod file candidate D:\.gradle\caches\forge_gradle\deobf_dependencies\blank\TES-forge-1.20.1\1.5.1_mapped_parchment_2023.06.26-1.20.1\TES-forge-1.20.1-1.5.1_mapped_parchment_2023.06.26-1.20.1.jar
[242月2025 23:46:57.236] [main/DEBUG] [net.minecraftforge.fml.loading.moddiscovery.ModFileInfo/LOADING]: Found valid mod file TES-forge-1.20.1-1.5.1_mapped_parchment_2023.06.26-1.20.1.jar with {tslatentitystatus} mods - versions {1.5.1}
[242月2025 23:46:57.236] [main/DEBUG] [net.minecraftforge.fml.loading.moddiscovery.ModFile/LOADING]: Loading mod file D:\.gradle\caches\forge_gradle\deobf_dependencies\blank\TES-forge-1.20.1\1.5.1_mapped_parchment_2023.06.26-1.20.1\TES-forge-1.20.1-1.5.1_mapped_parchment_2023.06.26-1.20.1.jar with languages [LanguageSpec[languageName=javafml, acceptedVersions=[46,)]]
[242月2025 23:46:57.237] [main/DEBUG] [net.minecraftforge.fml.loading.moddiscovery.ModFileParser/LOADING]: Considering mod file candidate D:\.gradle\caches\forge_gradle\deobf_dependencies\blank\CyclopsCore-1.20.1\1.19.5_mapped_parchment_2023.06.26-1.20.1\CyclopsCore-1.20.1-1.19.5_mapped_parchment_2023.06.26-1.20.1.jar
[242月2025 23:46:57.238] [main/DEBUG] [net.minecraftforge.fml.loading.moddiscovery.ModFileInfo/LOADING]: Found valid mod file CyclopsCore-1.20.1-1.19.5_mapped_parchment_2023.06.26-1.20.1.jar with {cyclopscore} mods - versions {1.19.5}
[242月2025 23:46:57.238] [main/DEBUG] [net.minecraftforge.fml.loading.moddiscovery.ModFile/LOADING]: Loading mod file D:\.gradle\caches\forge_gradle\deobf_dependencies\blank\CyclopsCore-1.20.1\1.19.5_mapped_parchment_2023.06.26-1.20.1\CyclopsCore-1.20.1-1.19.5_mapped_parchment_2023.06.26-1.20.1.jar with languages [LanguageSpec[languageName=javafml, acceptedVersions=[47,)]]
[242月2025 23:46:57.239] [main/DEBUG] [net.minecraftforge.fml.loading.moddiscovery.ModFileParser/LOADING]: Considering mod file candidate D:\.gradle\caches\forge_gradle\deobf_dependencies\blank\EnchantmentDescriptions-Forge-1.20.1\17.1.19_mapped_parchment_2023.06.26-1.20.1\EnchantmentDescriptions-Forge-1.20.1-17.1.19_mapped_parchment_2023.06.26-1.20.1.jar
[242月2025 23:46:57.239] [main/DEBUG] [net.minecraftforge.fml.loading.moddiscovery.ModFileInfo/LOADING]: Found valid mod file EnchantmentDescriptions-Forge-1.20.1-17.1.19_mapped_parchment_2023.06.26-1.20.1.jar with {enchdesc} mods - versions {17.1.19}
[242月2025 23:46:57.240] [main/DEBUG] [net.minecraftforge.fml.loading.moddiscovery.ModFile/LOADING]: Loading mod file D:\.gradle\caches\forge_gradle\deobf_dependencies\blank\EnchantmentDescriptions-Forge-1.20.1\17.1.19_mapped_parchment_2023.06.26-1.20.1\EnchantmentDescriptions-Forge-1.20.1-17.1.19_mapped_parchment_2023.06.26-1.20.1.jar with languages [LanguageSpec[languageName=javafml, acceptedVersions=[47,)]]
[242月2025 23:46:57.240] [main/DEBUG] [net.minecraftforge.fml.loading.moddiscovery.ModFileParser/LOADING]: Considering mod file candidate D:\.gradle\caches\forge_gradle\deobf_dependencies\blank\Bookshelf-Forge-1.20.1\20.2.13_mapped_parchment_2023.06.26-1.20.1\Bookshelf-Forge-1.20.1-20.2.13_mapped_parchment_2023.06.26-1.20.1.jar
[242月2025 23:46:57.241] [main/DEBUG] [net.minecraftforge.fml.loading.moddiscovery.ModFileInfo/LOADING]: Found valid mod file Bookshelf-Forge-1.20.1-20.2.13_mapped_parchment_2023.06.26-1.20.1.jar with {bookshelf} mods - versions {20.2.13}
[242月2025 23:46:57.241] [main/DEBUG] [net.minecraftforge.fml.loading.moddiscovery.ModFile/LOADING]: Loading mod file D:\.gradle\caches\forge_gradle\deobf_dependencies\blank\Bookshelf-Forge-1.20.1\20.2.13_mapped_parchment_2023.06.26-1.20.1\Bookshelf-Forge-1.20.1-20.2.13_mapped_parchment_2023.06.26-1.20.1.jar with languages [LanguageSpec[languageName=javafml, acceptedVersions=[47,)]]
[242月2025 23:46:57.242] [main/DEBUG] [net.minecraftforge.fml.loading.moddiscovery.ModFileParser/LOADING]: Considering mod file candidate D:\.gradle\caches\forge_gradle\deobf_dependencies\blank\Apotheosis-1.20.1\7.4.3_mapped_parchment_2023.06.26-1.20.1\Apotheosis-1.20.1-7.4.3_mapped_parchment_2023.06.26-1.20.1.jar
[242月2025 23:46:57.247] [main/DEBUG] [net.minecraftforge.fml.loading.moddiscovery.ModFileInfo/LOADING]: Found valid mod file Apotheosis-1.20.1-7.4.3_mapped_parchment_2023.06.26-1.20.1.jar with {apotheosis} mods - versions {7.4.3}
[242月2025 23:46:57.248] [main/DEBUG] [net.minecraftforge.fml.loading.moddiscovery.ModFile/LOADING]: Loading mod file D:\.gradle\caches\forge_gradle\deobf_dependencies\blank\Apotheosis-1.20.1\7.4.3_mapped_parchment_2023.06.26-1.20.1\Apotheosis-1.20.1-7.4.3_mapped_parchment_2023.06.26-1.20.1.jar with languages [LanguageSpec[languageName=javafml, acceptedVersions=[32,)]]
[242月2025 23:46:57.249] [main/DEBUG] [net.minecraftforge.fml.loading.moddiscovery.ModFileParser/LOADING]: Found coremod apotheosis_ench/ench_info_loot_redirector with Javascript path coremods/ench/ench_info_loot_redirector.js
[242月2025 23:46:57.250] [main/DEBUG] [net.minecraftforge.fml.loading.moddiscovery.ModFileParser/LOADING]: Found coremod apotheosis_ench/ench_info_redirector with Javascript path coremods/ench/ench_info_redirector.js
[242月2025 23:46:57.250] [main/DEBUG] [net.minecraftforge.fml.loading.moddiscovery.ModFileParser/LOADING]: Found coremod apotheosis_ench/fishing_hook with Javascript path coremods/ench/fishing_hook.js
[242月2025 23:46:57.250] [main/DEBUG] [net.minecraftforge.fml.loading.moddiscovery.ModFile/LOADING]: Found coremod coremods/ench/ench_info_loot_redirector.js
[242月2025 23:46:57.250] [main/DEBUG] [net.minecraftforge.fml.loading.moddiscovery.ModFile/LOADING]: Found coremod coremods/ench/ench_info_redirector.js
[242月2025 23:46:57.251] [main/DEBUG] [net.minecraftforge.fml.loading.moddiscovery.ModFile/LOADING]: Found coremod coremods/ench/fishing_hook.js
[242月2025 23:46:57.252] [main/DEBUG] [net.minecraftforge.fml.loading.moddiscovery.ModFileParser/LOADING]: Considering mod file candidate D:\.gradle\caches\forge_gradle\deobf_dependencies\blank\jei-1.20.1-forge\15.20.0.106_mapped_parchment_2023.06.26-1.20.1\jei-1.20.1-forge-15.20.0.106_mapped_parchment_2023.06.26-1.20.1.jar
[242月2025 23:46:57.254] [main/DEBUG] [net.minecraftforge.fml.loading.moddiscovery.ModFileInfo/LOADING]: Found valid mod file jei-1.20.1-forge-15.20.0.106_mapped_parchment_2023.06.26-1.20.1.jar with {jei} mods - versions {15.20.0.106}
[242月2025 23:46:57.254] [main/DEBUG] [net.minecraftforge.fml.loading.moddiscovery.ModFile/LOADING]: Loading mod file D:\.gradle\caches\forge_gradle\deobf_dependencies\blank\jei-1.20.1-forge\15.20.0.106_mapped_parchment_2023.06.26-1.20.1\jei-1.20.1-forge-15.20.0.106_mapped_parchment_2023.06.26-1.20.1.jar with languages [LanguageSpec[languageName=javafml, acceptedVersions=[47,)]]
[242月2025 23:46:57.255] [main/DEBUG] [net.minecraftforge.fml.loading.moddiscovery.ModFileParser/LOADING]: Considering mod file candidate D:\.gradle\caches\forge_gradle\deobf_dependencies\blank\EverlastingAbilities-1.20.1\2.2.0_mapped_parchment_2023.06.26-1.20.1\EverlastingAbilities-1.20.1-2.2.0_mapped_parchment_2023.06.26-1.20.1.jar
[242月2025 23:46:57.256] [main/DEBUG] [net.minecraftforge.fml.loading.moddiscovery.ModFileInfo/LOADING]: Found valid mod file EverlastingAbilities-1.20.1-2.2.0_mapped_parchment_2023.06.26-1.20.1.jar with {everlastingabilities} mods - versions {2.2.0}
[242月2025 23:46:57.257] [main/DEBUG] [net.minecraftforge.fml.loading.moddiscovery.ModFile/LOADING]: Loading mod file D:\.gradle\caches\forge_gradle\deobf_dependencies\blank\EverlastingAbilities-1.20.1\2.2.0_mapped_parchment_2023.06.26-1.20.1\EverlastingAbilities-1.20.1-2.2.0_mapped_parchment_2023.06.26-1.20.1.jar with languages [LanguageSpec[languageName=javafml, acceptedVersions=[47,)]]
[242月2025 23:46:57.257] [main/DEBUG] [net.minecraftforge.fml.loading.moddiscovery.ModFileParser/LOADING]: Considering mod file candidate D:\.gradle\caches\forge_gradle\deobf_dependencies\blank\PuzzlesLib\8.1.25_mapped_parchment_2023.06.26-1.20.1\PuzzlesLib-8.1.25_mapped_parchment_2023.06.26-1.20.1.jar
[242月2025 23:46:57.258] [main/DEBUG] [net.minecraftforge.fml.loading.moddiscovery.ModFileInfo/LOADING]: Found valid mod file PuzzlesLib-8.1.25_mapped_parchment_2023.06.26-1.20.1.jar with {puzzleslib} mods - versions {8.1.25}
[242月2025 23:46:57.259] [main/DEBUG] [net.minecraftforge.fml.loading.moddiscovery.ModFile/LOADING]: Loading mod file D:\.gradle\caches\forge_gradle\deobf_dependencies\blank\PuzzlesLib\8.1.25_mapped_parchment_2023.06.26-1.20.1\PuzzlesLib-8.1.25_mapped_parchment_2023.06.26-1.20.1.jar with languages [LanguageSpec[languageName=javafml, acceptedVersions=[47,)]]
[242月2025 23:46:57.259] [main/DEBUG] [net.minecraftforge.fml.loading.moddiscovery.ModFileParser/LOADING]: Considering mod file candidate D:\.gradle\caches\forge_gradle\deobf_dependencies\blank\SlashBladeResharped-1.20.1\1.1.10_mapped_parchment_2023.06.26-1.20.1\SlashBladeResharped-1.20.1-1.1.10_mapped_parchment_2023.06.26-1.20.1.jar
[242月2025 23:46:57.265] [main/DEBUG] [net.minecraftforge.fml.loading.moddiscovery.ModFileInfo/LOADING]: Found valid mod file SlashBladeResharped-1.20.1-1.1.10_mapped_parchment_2023.06.26-1.20.1.jar with {slashblade} mods - versions {1.1.10}
[242月2025 23:46:57.266] [main/DEBUG] [net.minecraftforge.fml.loading.moddiscovery.ModFile/LOADING]: Loading mod file D:\.gradle\caches\forge_gradle\deobf_dependencies\blank\SlashBladeResharped-1.20.1\1.1.10_mapped_parchment_2023.06.26-1.20.1\SlashBladeResharped-1.20.1-1.1.10_mapped_parchment_2023.06.26-1.20.1.jar with languages [LanguageSpec[languageName=javafml, acceptedVersions=[47,)]]
[242月2025 23:46:57.266] [main/DEBUG] [net.minecraftforge.fml.loading.moddiscovery.ModFileParser/LOADING]: Considering mod file candidate 
[242月2025 23:46:57.267] [main/DEBUG] [net.minecraftforge.fml.loading.moddiscovery.ModFileInfo/LOADING]: Found valid mod file puzzlesaccessapi-forge-8.0.7.jar with {puzzlesaccessapi} mods - versions {8.0.7}
[242月2025 23:46:57.268] [main/DEBUG] [net.minecraftforge.fml.loading.moddiscovery.ModFile/LOADING]: Loading mod file  with languages [LanguageSpec[languageName=javafml, acceptedVersions=[47,)]]
[242月2025 23:46:57.268] [main/DEBUG] [net.minecraftforge.fml.loading.moddiscovery.ModFileParser/LOADING]: Considering mod file candidate E:\moddig\project\UltimateEnchantment\UltimateEnchantment-forge-1.20.1\build\resources\main
[242月2025 23:46:57.270] [main/DEBUG] [net.minecraftforge.fml.loading.moddiscovery.ModFileInfo/LOADING]: Found valid mod file main with {ultimate_enchantment} mods - versions {2001.2.2}
[242月2025 23:46:57.271] [main/DEBUG] [net.minecraftforge.fml.loading.moddiscovery.ModFile/LOADING]: Loading mod file E:\moddig\project\UltimateEnchantment\UltimateEnchantment-forge-1.20.1\build\resources\main with languages [LanguageSpec[languageName=javafml, acceptedVersions=[47,)]]
[242月2025 23:46:57.271] [main/DEBUG] [net.minecraftforge.fml.loading.moddiscovery.ModFileParser/LOADING]: Considering mod file candidate /
[242月2025 23:46:57.272] [main/DEBUG] [net.minecraftforge.fml.loading.moddiscovery.ModFileInfo/LOADING]: Found valid mod file  with {forge} mods - versions {47.3.0}
[242月2025 23:46:57.272] [main/DEBUG] [net.minecraftforge.fml.loading.moddiscovery.ModFile/LOADING]: Loading mod file / with languages [LanguageSpec[languageName=javafml, acceptedVersions=[24,]]]
[242月2025 23:46:57.273] [main/DEBUG] [net.minecraftforge.fml.loading.moddiscovery.ModFileParser/LOADING]: Found coremod field_to_method with Javascript path coremods/field_to_method.js
[242月2025 23:46:57.273] [main/DEBUG] [net.minecraftforge.fml.loading.moddiscovery.ModFileParser/LOADING]: Found coremod field_to_instanceof with Javascript path coremods/field_to_instanceof.js
[242月2025 23:46:57.273] [main/DEBUG] [net.minecraftforge.fml.loading.moddiscovery.ModFileParser/LOADING]: Found coremod add_bouncer_method with Javascript path coremods/add_bouncer_method.js
[242月2025 23:46:57.273] [main/DEBUG] [net.minecraftforge.fml.loading.moddiscovery.ModFileParser/LOADING]: Found coremod method_redirector with Javascript path coremods/method_redirector.js
[242月2025 23:46:57.273] [main/DEBUG] [net.minecraftforge.fml.loading.moddiscovery.ModFile/LOADING]: Found coremod coremods/field_to_method.js
[242月2025 23:46:57.273] [main/DEBUG] [net.minecraftforge.fml.loading.moddiscovery.ModFile/LOADING]: Found coremod coremods/field_to_instanceof.js
[242月2025 23:46:57.274] [main/DEBUG] [net.minecraftforge.fml.loading.moddiscovery.ModFile/LOADING]: Found coremod coremods/add_bouncer_method.js
[242月2025 23:46:57.274] [main/DEBUG] [net.minecraftforge.fml.loading.moddiscovery.ModFile/LOADING]: Found coremod coremods/method_redirector.js
[242月2025 23:46:57.274] [main/DEBUG] [net.minecraftforge.fml.loading.moddiscovery.ModFileParser/LOADING]: Considering mod file candidate D:\.gradle\caches\forge_gradle\deobf_dependencies\blank\touhoulittlemaid-1.20.1-release\1.1.13_mapped_parchment_2023.06.26-1.20.1\touhoulittlemaid-1.20.1-release-1.1.13_mapped_parchment_2023.06.26-1.20.1.jar
[242月2025 23:46:57.275] [main/DEBUG] [net.minecraftforge.fml.loading.moddiscovery.ModFileInfo/LOADING]: Found valid mod file touhoulittlemaid-1.20.1-release-1.1.13_mapped_parchment_2023.06.26-1.20.1.jar with {touhou_little_maid} mods - versions {1.1.13}
[242月2025 23:46:57.276] [main/DEBUG] [net.minecraftforge.fml.loading.moddiscovery.ModFile/LOADING]: Loading mod file D:\.gradle\caches\forge_gradle\deobf_dependencies\blank\touhoulittlemaid-1.20.1-release\1.1.13_mapped_parchment_2023.06.26-1.20.1\touhoulittlemaid-1.20.1-release-1.1.13_mapped_parchment_2023.06.26-1.20.1.jar with languages [LanguageSpec[languageName=javafml, acceptedVersions=[46,)]]
[242月2025 23:46:57.278] [main/DEBUG] [net.minecraftforge.fml.loading.moddiscovery.ModFileParser/LOADING]: Considering mod file candidate D:\.gradle\caches\forge_gradle\deobf_dependencies\blank\twilightforest-1.20.1\4.3.2508-universal_mapped_parchment_2023.06.26-1.20.1\twilightforest-1.20.1-4.3.2508-universal_mapped_parchment_2023.06.26-1.20.1.jar
[242月2025 23:46:57.282] [main/DEBUG] [net.minecraftforge.fml.loading.moddiscovery.ModFileInfo/LOADING]: Found valid mod file twilightforest-1.20.1-4.3.2508-universal_mapped_parchment_2023.06.26-1.20.1.jar with {twilightforest} mods - versions {4.3.2508}
[242月2025 23:46:57.283] [main/DEBUG] [net.minecraftforge.fml.loading.moddiscovery.ModFile/LOADING]: Loading mod file D:\.gradle\caches\forge_gradle\deobf_dependencies\blank\twilightforest-1.20.1\4.3.2508-universal_mapped_parchment_2023.06.26-1.20.1\twilightforest-1.20.1-4.3.2508-universal_mapped_parchment_2023.06.26-1.20.1.jar with languages [LanguageSpec[languageName=javafml, acceptedVersions=[47,)]]
[242月2025 23:46:57.285] [main/DEBUG] [net.minecraftforge.fml.loading.moddiscovery.ModFileParser/LOADING]: Found coremod seed with Javascript path META-INF/asm/seed.js
[242月2025 23:46:57.285] [main/DEBUG] [net.minecraftforge.fml.loading.moddiscovery.ModFileParser/LOADING]: Found coremod maprendercontext with Javascript path META-INF/asm/maprendercontext.js
[242月2025 23:46:57.285] [main/DEBUG] [net.minecraftforge.fml.loading.moddiscovery.ModFileParser/LOADING]: Found coremod music with Javascript path META-INF/asm/music.js
[242月2025 23:46:57.286] [main/DEBUG] [net.minecraftforge.fml.loading.moddiscovery.ModFileParser/LOADING]: Found coremod multipart with Javascript path META-INF/asm/multipart.js
[242月2025 23:46:57.286] [main/DEBUG] [net.minecraftforge.fml.loading.moddiscovery.ModFileParser/LOADING]: Found coremod foliage with Javascript path META-INF/asm/foliage.js
[242月2025 23:46:57.286] [main/DEBUG] [net.minecraftforge.fml.loading.moddiscovery.ModFileParser/LOADING]: Found coremod mount with Javascript path META-INF/asm/mount.js
[242月2025 23:46:57.286] [main/DEBUG] [net.minecraftforge.fml.loading.moddiscovery.ModFileParser/LOADING]: Found coremod book with Javascript path META-INF/asm/book.js
[242月2025 23:46:57.286] [main/DEBUG] [net.minecraftforge.fml.loading.moddiscovery.ModFileParser/LOADING]: Found coremod conquered with Javascript path META-INF/asm/conquered.js
[242月2025 23:46:57.287] [main/DEBUG] [net.minecraftforge.fml.loading.moddiscovery.ModFileParser/LOADING]: Found coremod reach with Javascript path META-INF/asm/reach.js
[242月2025 23:46:57.287] [main/DEBUG] [net.minecraftforge.fml.loading.moddiscovery.ModFileParser/LOADING]: Found coremod shroom with Javascript path META-INF/asm/shroom.js
[242月2025 23:46:57.287] [main/DEBUG] [net.minecraftforge.fml.loading.moddiscovery.ModFileParser/LOADING]: Found coremod cloud with Javascript path META-INF/asm/cloud.js
[242月2025 23:46:57.287] [main/DEBUG] [net.minecraftforge.fml.loading.moddiscovery.ModFileParser/LOADING]: Found coremod lead with Javascript path META-INF/asm/lead.js
[242月2025 23:46:57.287] [main/DEBUG] [net.minecraftforge.fml.loading.moddiscovery.ModFile/LOADING]: Found coremod META-INF/asm/seed.js
[242月2025 23:46:57.288] [main/DEBUG] [net.minecraftforge.fml.loading.moddiscovery.ModFile/LOADING]: Found coremod META-INF/asm/maprendercontext.js
[242月2025 23:46:57.288] [main/DEBUG] [net.minecraftforge.fml.loading.moddiscovery.ModFile/LOADING]: Found coremod META-INF/asm/music.js
[242月2025 23:46:57.288] [main/DEBUG] [net.minecraftforge.fml.loading.moddiscovery.ModFile/LOADING]: Found coremod META-INF/asm/multipart.js
[242月2025 23:46:57.288] [main/DEBUG] [net.minecraftforge.fml.loading.moddiscovery.ModFile/LOADING]: Found coremod META-INF/asm/foliage.js
[242月2025 23:46:57.288] [main/DEBUG] [net.minecraftforge.fml.loading.moddiscovery.ModFile/LOADING]: Found coremod META-INF/asm/mount.js
[242月2025 23:46:57.288] [main/DEBUG] [net.minecraftforge.fml.loading.moddiscovery.ModFile/LOADING]: Found coremod META-INF/asm/book.js
[242月2025 23:46:57.289] [main/DEBUG] [net.minecraftforge.fml.loading.moddiscovery.ModFile/LOADING]: Found coremod META-INF/asm/conquered.js
[242月2025 23:46:57.289] [main/DEBUG] [net.minecraftforge.fml.loading.moddiscovery.ModFile/LOADING]: Found coremod META-INF/asm/reach.js
[242月2025 23:46:57.289] [main/DEBUG] [net.minecraftforge.fml.loading.moddiscovery.ModFile/LOADING]: Found coremod META-INF/asm/shroom.js
[242月2025 23:46:57.289] [main/DEBUG] [net.minecraftforge.fml.loading.moddiscovery.ModFile/LOADING]: Found coremod META-INF/asm/cloud.js
[242月2025 23:46:57.289] [main/DEBUG] [net.minecraftforge.fml.loading.moddiscovery.ModFile/LOADING]: Found coremod META-INF/asm/lead.js
[242月2025 23:46:57.289] [main/DEBUG] [net.minecraftforge.fml.loading.moddiscovery.ModFileParser/LOADING]: Considering mod file candidate D:\.gradle\caches\forge_gradle\deobf_dependencies\blank\EnchantingInfuser\8.0.3_mapped_parchment_2023.06.26-1.20.1\EnchantingInfuser-8.0.3_mapped_parchment_2023.06.26-1.20.1.jar
[242月2025 23:46:57.290] [main/DEBUG] [net.minecraftforge.fml.loading.moddiscovery.ModFileInfo/LOADING]: Found valid mod file EnchantingInfuser-8.0.3_mapped_parchment_2023.06.26-1.20.1.jar with {enchantinginfuser} mods - versions {8.0.3}
[242月2025 23:46:57.298] [main/DEBUG] [net.minecraftforge.fml.loading.moddiscovery.ModFile/LOADING]: Loading mod file D:\.gradle\caches\forge_gradle\deobf_dependencies\blank\EnchantingInfuser\8.0.3_mapped_parchment_2023.06.26-1.20.1\EnchantingInfuser-8.0.3_mapped_parchment_2023.06.26-1.20.1.jar with languages [LanguageSpec[languageName=javafml, acceptedVersions=[47,)]]
[242月2025 23:46:57.299] [main/DEBUG] [net.minecraftforge.fml.loading.moddiscovery.ModFileParser/LOADING]: Considering mod file candidate D:\.gradle\caches\forge_gradle\deobf_dependencies\blank\Placebo-1.20.1\8.6.2_mapped_parchment_2023.06.26-1.20.1\Placebo-1.20.1-8.6.2_mapped_parchment_2023.06.26-1.20.1.jar
[242月2025 23:46:57.301] [main/DEBUG] [net.minecraftforge.fml.loading.moddiscovery.ModFileInfo/LOADING]: Found valid mod file Placebo-1.20.1-8.6.2_mapped_parchment_2023.06.26-1.20.1.jar with {placebo} mods - versions {8.6.2}
[242月2025 23:46:57.302] [main/DEBUG] [net.minecraftforge.fml.loading.moddiscovery.ModFile/LOADING]: Loading mod file D:\.gradle\caches\forge_gradle\deobf_dependencies\blank\Placebo-1.20.1\8.6.2_mapped_parchment_2023.06.26-1.20.1\Placebo-1.20.1-8.6.2_mapped_parchment_2023.06.26-1.20.1.jar with languages [LanguageSpec[languageName=javafml, acceptedVersions=[32,)]]
[242月2025 23:46:57.302] [main/DEBUG] [net.minecraftforge.fml.loading.moddiscovery.ModFileParser/LOADING]: Found coremod placebo_get_ench_level_event with Javascript path coremods/get_ench_level_event.js
[242月2025 23:46:57.303] [main/DEBUG] [net.minecraftforge.fml.loading.moddiscovery.ModFileParser/LOADING]: Found coremod placebo_get_ench_level_event_specific with Javascript path coremods/get_ench_level_event_specific.js
[242月2025 23:46:57.303] [main/DEBUG] [net.minecraftforge.fml.loading.moddiscovery.ModFile/LOADING]: Found coremod coremods/get_ench_level_event.js
[242月2025 23:46:57.303] [main/DEBUG] [net.minecraftforge.fml.loading.moddiscovery.ModFile/LOADING]: Found coremod coremods/get_ench_level_event_specific.js
[242月2025 23:46:57.304] [main/DEBUG] [cpw.mods.modlauncher.TransformationServiceDecorator/MODLAUNCHER]: End scan trigger - transformation service fml
[242月2025 23:46:57.324] [main/DEBUG] [net.minecraftforge.fml.loading.LanguageLoadingProvider/CORE]: Found 3 language providers
[242月2025 23:46:57.331] [main/DEBUG] [net.minecraftforge.fml.loading.LanguageLoadingProvider/CORE]: Found language provider minecraft, version 1.0
[242月2025 23:46:57.333] [main/DEBUG] [net.minecraftforge.fml.loading.LanguageLoadingProvider/CORE]: Found language provider lowcodefml, version 47
[242月2025 23:46:57.333] [main/DEBUG] [net.minecraftforge.fml.loading.LanguageLoadingProvider/CORE]: Found language provider javafml, version 47
[242月2025 23:46:57.339] [main/DEBUG] [net.minecraftforge.fml.loading.ModSorter/]: Configured system mods: [minecraft, forge]
[242月2025 23:46:57.340] [main/DEBUG] [net.minecraftforge.fml.loading.ModSorter/]: Found system mod: minecraft
[242月2025 23:46:57.340] [main/DEBUG] [net.minecraftforge.fml.loading.ModSorter/]: Found system mod: forge
[242月2025 23:46:57.348] [main/DEBUG] [net.minecraftforge.fml.loading.ModSorter/LOADING]: Found 36 mod requirements (36 mandatory, 0 optional)
[242月2025 23:46:57.349] [main/DEBUG] [net.minecraftforge.fml.loading.ModSorter/LOADING]: Found 0 mod requirements missing (0 mandatory, 0 optional)
[242月2025 23:46:58.438] [main/DEBUG] [net.minecraftforge.fml.loading.MCPNamingService/CORE]: Loaded 31011 field mappings from fields.csv
[242月2025 23:46:58.555] [main/DEBUG] [net.minecraftforge.fml.loading.MCPNamingService/CORE]: Loaded 34315 method mappings from methods.csv
[242月2025 23:46:58.734] [main/DEBUG] [cpw.mods.modlauncher.TransformationServicesHandler/MODLAUNCHER]: Transformation services loading transformers
[242月2025 23:46:58.735] [main/DEBUG] [cpw.mods.modlauncher.TransformationServiceDecorator/MODLAUNCHER]: Initializing transformers for transformation service mixin
[242月2025 23:46:58.736] [main/DEBUG] [cpw.mods.modlauncher.TransformationServiceDecorator/MODLAUNCHER]: Initialized transformers for transformation service mixin
[242月2025 23:46:58.736] [main/DEBUG] [cpw.mods.modlauncher.TransformationServiceDecorator/MODLAUNCHER]: Initializing transformers for transformation service fml
[242月2025 23:46:58.736] [main/DEBUG] [net.minecraftforge.fml.loading.FMLServiceProvider/CORE]: Loading coremod transformers
[242月2025 23:46:58.736] [main/DEBUG] [net.minecraftforge.coremod.CoreModEngine/COREMOD]: Loading CoreMod from coremods/potion_gui_tooltips.js
[242月2025 23:46:59.064] [main/DEBUG] [net.minecraftforge.coremod.CoreModEngine/COREMOD]: CoreMod loaded successfully
[242月2025 23:46:59.064] [main/DEBUG] [net.minecraftforge.coremod.CoreModEngine/COREMOD]: Loading CoreMod from coremods/ench/ench_info_loot_redirector.js
[242月2025 23:46:59.167] [main/DEBUG] [net.minecraftforge.coremod.CoreModEngine/COREMOD]: CoreMod loaded successfully
[242月2025 23:46:59.168] [main/DEBUG] [net.minecraftforge.coremod.CoreModEngine/COREMOD]: Loading CoreMod from coremods/ench/ench_info_redirector.js
[242月2025 23:46:59.217] [main/DEBUG] [net.minecraftforge.coremod.CoreModEngine/COREMOD]: CoreMod loaded successfully
[242月2025 23:46:59.217] [main/DEBUG] [net.minecraftforge.coremod.CoreModEngine/COREMOD]: Loading CoreMod from coremods/ench/fishing_hook.js
[242月2025 23:46:59.242] [main/DEBUG] [net.minecraftforge.coremod.CoreModEngine/COREMOD]: CoreMod loaded successfully
[242月2025 23:46:59.243] [main/DEBUG] [net.minecraftforge.coremod.CoreModEngine/COREMOD]: Loading CoreMod from coremods/field_to_method.js
[242月2025 23:46:59.282] [main/DEBUG] [net.minecraftforge.coremod.CoreModEngine/COREMOD]: CoreMod loaded successfully
[242月2025 23:46:59.283] [main/DEBUG] [net.minecraftforge.coremod.CoreModEngine/COREMOD]: Loading CoreMod from coremods/field_to_instanceof.js
[242月2025 23:46:59.377] [main/DEBUG] [net.minecraftforge.coremod.CoreModEngine/COREMOD]: CoreMod loaded successfully
[242月2025 23:46:59.377] [main/DEBUG] [net.minecraftforge.coremod.CoreModEngine/COREMOD]: Loading CoreMod from coremods/add_bouncer_method.js
[242月2025 23:46:59.468] [main/DEBUG] [net.minecraftforge.coremod.CoreModEngine/COREMOD]: CoreMod loaded successfully
[242月2025 23:46:59.469] [main/DEBUG] [net.minecraftforge.coremod.CoreModEngine/COREMOD]: Loading CoreMod from coremods/method_redirector.js
[242月2025 23:46:59.599] [main/DEBUG] [net.minecraftforge.coremod.CoreModEngine/COREMOD]: CoreMod loaded successfully
[242月2025 23:46:59.599] [main/DEBUG] [net.minecraftforge.coremod.CoreModEngine/COREMOD]: Loading CoreMod from META-INF/asm/seed.js
[242月2025 23:46:59.626] [main/DEBUG] [net.minecraftforge.coremod.CoreModEngine/COREMOD]: CoreMod loaded successfully
[242月2025 23:46:59.627] [main/DEBUG] [net.minecraftforge.coremod.CoreModEngine/COREMOD]: Loading CoreMod from META-INF/asm/maprendercontext.js
[242月2025 23:46:59.695] [main/DEBUG] [net.minecraftforge.coremod.CoreModEngine/COREMOD]: CoreMod loaded successfully
[242月2025 23:46:59.696] [main/DEBUG] [net.minecraftforge.coremod.CoreModEngine/COREMOD]: Loading CoreMod from META-INF/asm/music.js
[242月2025 23:46:59.727] [main/DEBUG] [net.minecraftforge.coremod.CoreModEngine/COREMOD]: CoreMod loaded successfully
[242月2025 23:46:59.727] [main/DEBUG] [net.minecraftforge.coremod.CoreModEngine/COREMOD]: Loading CoreMod from META-INF/asm/multipart.js
[242月2025 23:46:59.784] [main/DEBUG] [net.minecraftforge.coremod.CoreModEngine/COREMOD]: CoreMod loaded successfully
[242月2025 23:46:59.784] [main/DEBUG] [net.minecraftforge.coremod.CoreModEngine/COREMOD]: Loading CoreMod from META-INF/asm/foliage.js
[242月2025 23:46:59.819] [main/DEBUG] [net.minecraftforge.coremod.CoreModEngine/COREMOD]: CoreMod loaded successfully
[242月2025 23:46:59.820] [main/DEBUG] [net.minecraftforge.coremod.CoreModEngine/COREMOD]: Loading CoreMod from META-INF/asm/mount.js
[242月2025 23:46:59.850] [main/DEBUG] [net.minecraftforge.coremod.CoreModEngine/COREMOD]: CoreMod loaded successfully
[242月2025 23:46:59.851] [main/DEBUG] [net.minecraftforge.coremod.CoreModEngine/COREMOD]: Loading CoreMod from META-INF/asm/book.js
[242月2025 23:46:59.876] [main/DEBUG] [net.minecraftforge.coremod.CoreModEngine/COREMOD]: CoreMod loaded successfully
[242月2025 23:46:59.876] [main/DEBUG] [net.minecraftforge.coremod.CoreModEngine/COREMOD]: Loading CoreMod from META-INF/asm/conquered.js
[242月2025 23:46:59.895] [main/DEBUG] [net.minecraftforge.coremod.CoreModEngine/COREMOD]: CoreMod loaded successfully
[242月2025 23:46:59.896] [main/DEBUG] [net.minecraftforge.coremod.CoreModEngine/COREMOD]: Loading CoreMod from META-INF/asm/reach.js
[242月2025 23:46:59.915] [main/DEBUG] [net.minecraftforge.coremod.CoreModEngine/COREMOD]: CoreMod loaded successfully
[242月2025 23:46:59.915] [main/DEBUG] [net.minecraftforge.coremod.CoreModEngine/COREMOD]: Loading CoreMod from META-INF/asm/shroom.js
[242月2025 23:46:59.933] [main/DEBUG] [net.minecraftforge.coremod.CoreModEngine/COREMOD]: CoreMod loaded successfully
[242月2025 23:46:59.933] [main/DEBUG] [net.minecraftforge.coremod.CoreModEngine/COREMOD]: Loading CoreMod from META-INF/asm/cloud.js
[242月2025 23:46:59.964] [main/DEBUG] [net.minecraftforge.coremod.CoreModEngine/COREMOD]: CoreMod loaded successfully
[242月2025 23:46:59.964] [main/DEBUG] [net.minecraftforge.coremod.CoreModEngine/COREMOD]: Loading CoreMod from META-INF/asm/lead.js
[242月2025 23:46:59.982] [main/DEBUG] [net.minecraftforge.coremod.CoreModEngine/COREMOD]: CoreMod loaded successfully
[242月2025 23:46:59.983] [main/DEBUG] [net.minecraftforge.coremod.CoreModEngine/COREMOD]: Loading CoreMod from coremods/get_ench_level_event.js
[242月2025 23:46:59.999] [main/DEBUG] [net.minecraftforge.coremod.CoreModEngine/COREMOD]: CoreMod loaded successfully
[242月2025 23:46:59.999] [main/DEBUG] [net.minecraftforge.coremod.CoreModEngine/COREMOD]: Loading CoreMod from coremods/get_ench_level_event_specific.js
[242月2025 23:47:00.019] [main/DEBUG] [net.minecraftforge.coremod.CoreModEngine/COREMOD]: CoreMod loaded successfully
[242月2025 23:47:00.065] [main/DEBUG] [cpw.mods.modlauncher.TransformStore/MODLAUNCHER]: Adding transformer net.minecraftforge.coremod.transformer.CoreModClassTransformer@43da0955 to Target : CLASS {Lnet/minecraft/world/level/storage/loot/functions/EnchantRandomlyFunction;} {} {V}
[242月2025 23:47:00.067] [main/DEBUG] [cpw.mods.modlauncher.TransformStore/MODLAUNCHER]: Adding transformer net.minecraftforge.coremod.transformer.CoreModClassTransformer@43da0955 to Target : CLASS {Lnet/minecraft/world/entity/npc/VillagerTrades$EnchantBookForEmeralds;} {} {V}
[242月2025 23:47:00.068] [main/DEBUG] [cpw.mods.modlauncher.TransformStore/MODLAUNCHER]: Adding transformer net.minecraftforge.coremod.transformer.CoreModClassTransformer@43da0955 to Target : CLASS {Lorg/violetmoon/quark/content/tools/loot/EnchantTome;} {} {V}
[242月2025 23:47:00.072] [main/DEBUG] [cpw.mods.modlauncher.TransformStore/MODLAUNCHER]: Adding transformer net.minecraftforge.coremod.transformer.CoreModClassTransformer@2e590b to Target : CLASS {Lorg/violetmoon/quark/content/tools/module/AncientTomesModule;} {} {V}
[242月2025 23:47:00.073] [main/DEBUG] [cpw.mods.modlauncher.TransformStore/MODLAUNCHER]: Adding transformer net.minecraftforge.coremod.transformer.CoreModClassTransformer@2e590b to Target : CLASS {Lnet/minecraft/server/commands/EnchantCommand;} {} {V}
[242月2025 23:47:00.073] [main/DEBUG] [cpw.mods.modlauncher.TransformStore/MODLAUNCHER]: Adding transformer net.minecraftforge.coremod.transformer.CoreModClassTransformer@2e590b to Target : CLASS {Lnet/minecraft/world/item/CreativeModeTabs;} {} {V}
[242月2025 23:47:00.073] [main/DEBUG] [cpw.mods.modlauncher.TransformStore/MODLAUNCHER]: Adding transformer net.minecraftforge.coremod.transformer.CoreModClassTransformer@2e590b to Target : CLASS {Lcom/mrcrayfish/goblintraders/Hooks;} {} {V}
[242月2025 23:47:00.074] [main/DEBUG] [cpw.mods.modlauncher.TransformStore/MODLAUNCHER]: Adding transformer net.minecraftforge.coremod.transformer.CoreModClassTransformer@2e590b to Target : CLASS {Lorg/violetmoon/quark/content/tools/item/AncientTomeItem;} {} {V}
[242月2025 23:47:00.074] [main/DEBUG] [cpw.mods.modlauncher.TransformStore/MODLAUNCHER]: Adding transformer net.minecraftforge.coremod.transformer.CoreModClassTransformer@2e590b to Target : CLASS {Lnet/minecraft/world/inventory/AnvilMenu;} {} {V}
[242月2025 23:47:00.074] [main/DEBUG] [cpw.mods.modlauncher.TransformStore/MODLAUNCHER]: Adding transformer net.minecraftforge.coremod.transformer.CoreModClassTransformer@2e590b to Target : CLASS {Lorg/violetmoon/quark/content/experimental/module/GameNerfsModule;} {} {V}
[242月2025 23:47:00.074] [main/DEBUG] [cpw.mods.modlauncher.TransformStore/MODLAUNCHER]: Adding transformer net.minecraftforge.coremod.transformer.CoreModClassTransformer@2e590b to Target : CLASS {Lnet/minecraft/world/item/EnchantedBookItem;} {} {V}
[242月2025 23:47:00.075] [main/DEBUG] [cpw.mods.modlauncher.TransformStore/MODLAUNCHER]: Adding transformer net.minecraftforge.coremod.transformer.CoreModClassTransformer@42ef042a to Target : CLASS {Lnet/minecraft/world/level/biome/Biome;} {} {V}
[242月2025 23:47:00.075] [main/DEBUG] [cpw.mods.modlauncher.TransformStore/MODLAUNCHER]: Adding transformer net.minecraftforge.coremod.transformer.CoreModClassTransformer@1df5c7e3 to Target : CLASS {Lnet/minecraft/world/level/levelgen/structure/Structure;} {} {V}
[242月2025 23:47:00.076] [main/DEBUG] [cpw.mods.modlauncher.TransformStore/MODLAUNCHER]: Adding transformer net.minecraftforge.coremod.transformer.CoreModClassTransformer@5e0c4f21 to Target : CLASS {Lnet/minecraft/world/effect/MobEffectInstance;} {} {V}
[242月2025 23:47:00.076] [main/DEBUG] [cpw.mods.modlauncher.TransformStore/MODLAUNCHER]: Adding transformer net.minecraftforge.coremod.transformer.CoreModClassTransformer@2c18a3ea to Target : CLASS {Lnet/minecraft/world/level/block/LiquidBlock;} {} {V}
[242月2025 23:47:00.076] [main/DEBUG] [cpw.mods.modlauncher.TransformStore/MODLAUNCHER]: Adding transformer net.minecraftforge.coremod.transformer.CoreModClassTransformer@166c2c17 to Target : CLASS {Lnet/minecraft/world/item/BucketItem;} {} {V}
[242月2025 23:47:00.077] [main/DEBUG] [cpw.mods.modlauncher.TransformStore/MODLAUNCHER]: Adding transformer net.minecraftforge.coremod.transformer.CoreModClassTransformer@25953be6 to Target : CLASS {Lnet/minecraft/world/level/block/StairBlock;} {} {V}
[242月2025 23:47:00.077] [main/DEBUG] [cpw.mods.modlauncher.TransformStore/MODLAUNCHER]: Adding transformer net.minecraftforge.coremod.transformer.CoreModClassTransformer@19dc0d32 to Target : CLASS {Lnet/minecraft/world/level/block/FlowerPotBlock;} {} {V}
[242月2025 23:47:00.078] [main/DEBUG] [cpw.mods.modlauncher.TransformStore/MODLAUNCHER]: Adding transformer net.minecraftforge.coremod.transformer.CoreModClassTransformer@70b2fa10 to Target : CLASS {Lnet/minecraft/world/item/ItemStack;} {} {V}
[242月2025 23:47:00.078] [main/DEBUG] [cpw.mods.modlauncher.TransformStore/MODLAUNCHER]: Adding transformer net.minecraftforge.coremod.transformer.CoreModClassTransformer@7c96c85 to Target : CLASS {Lnet/minecraft/network/play/client/CClientSettingsPacket;} {} {V}
[242月2025 23:47:00.078] [main/DEBUG] [cpw.mods.modlauncher.TransformStore/MODLAUNCHER]: Adding transformer net.minecraftforge.coremod.transformer.CoreModClassTransformer@b0f2d91 to Target : CLASS {Lnet/minecraft/world/level/levelgen/PatrolSpawner;} {} {V}
[242月2025 23:47:00.079] [main/DEBUG] [cpw.mods.modlauncher.TransformStore/MODLAUNCHER]: Adding transformer net.minecraftforge.coremod.transformer.CoreModClassTransformer@b0f2d91 to Target : CLASS {Lnet/minecraft/world/level/levelgen/PhantomSpawner;} {} {V}
[242月2025 23:47:00.079] [main/DEBUG] [cpw.mods.modlauncher.TransformStore/MODLAUNCHER]: Adding transformer net.minecraftforge.coremod.transformer.CoreModClassTransformer@b0f2d91 to Target : CLASS {Lnet/minecraft/world/level/levelgen/structure/structures/OceanRuinPieces$OceanRuinPiece;} {} {V}
[242月2025 23:47:00.079] [main/DEBUG] [cpw.mods.modlauncher.TransformStore/MODLAUNCHER]: Adding transformer net.minecraftforge.coremod.transformer.CoreModClassTransformer@b0f2d91 to Target : CLASS {Lnet/minecraft/world/entity/npc/Villager;} {} {V}
[242月2025 23:47:00.079] [main/DEBUG] [cpw.mods.modlauncher.TransformStore/MODLAUNCHER]: Adding transformer net.minecraftforge.coremod.transformer.CoreModClassTransformer@b0f2d91 to Target : CLASS {Lnet/minecraft/world/level/NaturalSpawner;} {} {V}
[242月2025 23:47:00.080] [main/DEBUG] [cpw.mods.modlauncher.TransformStore/MODLAUNCHER]: Adding transformer net.minecraftforge.coremod.transformer.CoreModClassTransformer@b0f2d91 to Target : CLASS {Lnet/minecraft/world/level/levelgen/structure/structures/SwampHutPiece;} {} {V}
[242月2025 23:47:00.080] [main/DEBUG] [cpw.mods.modlauncher.TransformStore/MODLAUNCHER]: Adding transformer net.minecraftforge.coremod.transformer.CoreModClassTransformer@b0f2d91 to Target : CLASS {Lnet/minecraft/world/entity/animal/frog/Tadpole;} {} {V}
[242月2025 23:47:00.080] [main/DEBUG] [cpw.mods.modlauncher.TransformStore/MODLAUNCHER]: Adding transformer net.minecraftforge.coremod.transformer.CoreModClassTransformer@b0f2d91 to Target : CLASS {Lnet/minecraft/world/entity/monster/Spider;} {} {V}
[242月2025 23:47:00.080] [main/DEBUG] [cpw.mods.modlauncher.TransformStore/MODLAUNCHER]: Adding transformer net.minecraftforge.coremod.transformer.CoreModClassTransformer@b0f2d91 to Target : CLASS {Lnet/minecraft/world/entity/ai/village/VillageSiege;} {} {V}
[242月2025 23:47:00.080] [main/DEBUG] [cpw.mods.modlauncher.TransformStore/MODLAUNCHER]: Adding transformer net.minecraftforge.coremod.transformer.CoreModClassTransformer@b0f2d91 to Target : CLASS {Lnet/minecraft/server/commands/RaidCommand;} {} {V}
[242月2025 23:47:00.080] [main/DEBUG] [cpw.mods.modlauncher.TransformStore/MODLAUNCHER]: Adding transformer net.minecraftforge.coremod.transformer.CoreModClassTransformer@b0f2d91 to Target : CLASS {Lnet/minecraft/world/entity/monster/Evoker$EvokerSummonSpellGoal;} {} {V}
[242月2025 23:47:00.081] [main/DEBUG] [cpw.mods.modlauncher.TransformStore/MODLAUNCHER]: Adding transformer net.minecraftforge.coremod.transformer.CoreModClassTransformer@b0f2d91 to Target : CLASS {Lnet/minecraft/world/entity/monster/Strider;} {} {V}
[242月2025 23:47:00.081] [main/DEBUG] [cpw.mods.modlauncher.TransformStore/MODLAUNCHER]: Adding transformer net.minecraftforge.coremod.transformer.CoreModClassTransformer@b0f2d91 to Target : CLASS {Lnet/minecraft/world/level/levelgen/structure/structures/WoodlandMansionPieces$WoodlandMansionPiece;} {} {V}
[242月2025 23:47:00.081] [main/DEBUG] [cpw.mods.modlauncher.TransformStore/MODLAUNCHER]: Adding transformer net.minecraftforge.coremod.transformer.CoreModClassTransformer@b0f2d91 to Target : CLASS {Lnet/minecraft/world/entity/raid/Raid;} {} {V}
[242月2025 23:47:00.081] [main/DEBUG] [cpw.mods.modlauncher.TransformStore/MODLAUNCHER]: Adding transformer net.minecraftforge.coremod.transformer.CoreModClassTransformer@b0f2d91 to Target : CLASS {Lnet/minecraft/world/entity/EntityType;} {} {V}
[242月2025 23:47:00.081] [main/DEBUG] [cpw.mods.modlauncher.TransformStore/MODLAUNCHER]: Adding transformer net.minecraftforge.coremod.transformer.CoreModClassTransformer@b0f2d91 to Target : CLASS {Lnet/minecraft/server/commands/SummonCommand;} {} {V}
[242月2025 23:47:00.082] [main/DEBUG] [cpw.mods.modlauncher.TransformStore/MODLAUNCHER]: Adding transformer net.minecraftforge.coremod.transformer.CoreModClassTransformer@b0f2d91 to Target : CLASS {Lnet/minecraft/world/level/levelgen/structure/structures/OceanMonumentPieces$OceanMonumentPiece;} {} {V}
[242月2025 23:47:00.082] [main/DEBUG] [cpw.mods.modlauncher.TransformStore/MODLAUNCHER]: Adding transformer net.minecraftforge.coremod.transformer.CoreModClassTransformer@b0f2d91 to Target : CLASS {Lnet/minecraft/world/level/levelgen/structure/templatesystem/StructureTemplate;} {} {V}
[242月2025 23:47:00.082] [main/DEBUG] [cpw.mods.modlauncher.TransformStore/MODLAUNCHER]: Adding transformer net.minecraftforge.coremod.transformer.CoreModClassTransformer@b0f2d91 to Target : CLASS {Lnet/minecraft/world/entity/npc/CatSpawner;} {} {V}
[242月2025 23:47:00.082] [main/DEBUG] [cpw.mods.modlauncher.TransformStore/MODLAUNCHER]: Adding transformer net.minecraftforge.coremod.transformer.CoreModClassTransformer@b0f2d91 to Target : CLASS {Lnet/minecraft/world/entity/animal/horse/SkeletonTrapGoal;} {} {V}
[242月2025 23:47:00.082] [main/DEBUG] [cpw.mods.modlauncher.TransformStore/MODLAUNCHER]: Adding transformer net.minecraftforge.coremod.transformer.CoreModClassTransformer@b0f2d91 to Target : CLASS {Lnet/minecraft/world/entity/monster/ZombieVillager;} {} {V}
[242月2025 23:47:00.083] [main/DEBUG] [cpw.mods.modlauncher.TransformStore/MODLAUNCHER]: Adding transformer net.minecraftforge.coremod.transformer.CoreModClassTransformer@b0f2d91 to Target : CLASS {Lnet/minecraft/world/entity/monster/Zombie;} {} {V}
[242月2025 23:47:00.084] [main/DEBUG] [cpw.mods.modlauncher.TransformStore/MODLAUNCHER]: Adding transformer net.minecraftforge.coremod.transformer.CoreModMethodTransformer@15c6027d to Target : METHOD {Lnet/minecraft/client/gui/screens/inventory/EffectRenderingInventoryScreen;} {renderEffects} {(Lnet/minecraft/client/gui/GuiGraphics;II)V}
[242月2025 23:47:00.084] [main/DEBUG] [cpw.mods.modlauncher.TransformStore/MODLAUNCHER]: Adding transformer net.minecraftforge.coremod.transformer.CoreModMethodTransformer@5927f904 to Target : METHOD {Lnet/minecraft/world/entity/projectile/FishingHook;} {catchingFish} {(Lnet/minecraft/core/BlockPos;)V}
[242月2025 23:47:00.084] [main/DEBUG] [cpw.mods.modlauncher.TransformStore/MODLAUNCHER]: Adding transformer net.minecraftforge.coremod.transformer.CoreModMethodTransformer@2bb62414 to Target : METHOD {Lnet/minecraft/world/level/levelgen/WorldOptions;} {<init>} {(JZZLjava/util/Optional;)V}
[242月2025 23:47:00.089] [main/DEBUG] [cpw.mods.modlauncher.TransformStore/MODLAUNCHER]: Adding transformer net.minecraftforge.coremod.transformer.CoreModMethodTransformer@413d2cd1 to Target : METHOD {Lnet/minecraft/client/gui/MapRenderer$MapInstance;} {draw} {(Lcom/mojang/blaze3d/vertex/PoseStack;Lnet/minecraft/client/renderer/MultiBufferSource;ZI)V}
[242月2025 23:47:00.090] [main/DEBUG] [cpw.mods.modlauncher.TransformStore/MODLAUNCHER]: Adding transformer net.minecraftforge.coremod.transformer.CoreModMethodTransformer@644d1b61 to Target : METHOD {Lnet/minecraft/client/renderer/ItemInHandRenderer;} {renderArmWithItem} {(Lnet/minecraft/client/player/AbstractClientPlayer;FFLnet/minecraft/world/InteractionHand;FLnet/minecraft/world/item/ItemStack;FLcom/mojang/blaze3d/vertex/PoseStack;Lnet/minecraft/client/renderer/MultiBufferSource;I)V}
[242月2025 23:47:00.091] [main/DEBUG] [cpw.mods.modlauncher.TransformStore/MODLAUNCHER]: Adding transformer net.minecraftforge.coremod.transformer.CoreModMethodTransformer@2443135 to Target : METHOD {Lnet/minecraft/world/entity/decoration/ItemFrame;} {getFramedMapId} {()Ljava/util/OptionalInt;}
[242月2025 23:47:00.092] [main/DEBUG] [cpw.mods.modlauncher.TransformStore/MODLAUNCHER]: Adding transformer net.minecraftforge.coremod.transformer.CoreModMethodTransformer@184823ed to Target : METHOD {Lnet/minecraft/client/renderer/ItemInHandRenderer;} {renderMap} {(Lcom/mojang/blaze3d/vertex/PoseStack;Lnet/minecraft/client/renderer/MultiBufferSource;ILnet/minecraft/world/item/ItemStack;)V}
[242月2025 23:47:00.094] [main/DEBUG] [cpw.mods.modlauncher.TransformStore/MODLAUNCHER]: Adding transformer net.minecraftforge.coremod.transformer.CoreModMethodTransformer@30bbcf91 to Target : METHOD {Lnet/minecraft/world/item/MapItem;} {appendHoverText} {(Lnet/minecraft/world/item/ItemStack;Lnet/minecraft/world/level/Level;Ljava/util/List;Lnet/minecraft/world/item/TooltipFlag;)V}
[242月2025 23:47:00.095] [main/DEBUG] [cpw.mods.modlauncher.TransformStore/MODLAUNCHER]: Adding transformer net.minecraftforge.coremod.transformer.CoreModMethodTransformer@3ca14cf4 to Target : METHOD {Lnet/minecraft/client/sounds/MusicManager;} {tick} {()V}
[242月2025 23:47:00.096] [main/DEBUG] [cpw.mods.modlauncher.TransformStore/MODLAUNCHER]: Adding transformer net.minecraftforge.coremod.transformer.CoreModMethodTransformer@1f4f0fcc to Target : METHOD {Lnet/minecraft/server/level/ServerEntity;} {sendDirtyEntityData} {()V}
[242月2025 23:47:00.096] [main/DEBUG] [cpw.mods.modlauncher.TransformStore/MODLAUNCHER]: Adding transformer net.minecraftforge.coremod.transformer.CoreModMethodTransformer@46c10083 to Target : METHOD {Lnet/minecraft/client/renderer/entity/EntityRenderDispatcher;} {onResourceManagerReload} {(Lnet/minecraft/server/packs/resources/ResourceManager;)V}
[242月2025 23:47:00.096] [main/DEBUG] [cpw.mods.modlauncher.TransformStore/MODLAUNCHER]: Adding transformer net.minecraftforge.coremod.transformer.CoreModMethodTransformer@28e8888d to Target : METHOD {Lnet/minecraft/client/renderer/entity/EntityRenderDispatcher;} {getRenderer} {(Lnet/minecraft/world/entity/Entity;)Lnet/minecraft/client/renderer/entity/EntityRenderer;}
[242月2025 23:47:00.097] [main/DEBUG] [cpw.mods.modlauncher.TransformStore/MODLAUNCHER]: Adding transformer net.minecraftforge.coremod.transformer.CoreModMethodTransformer@1e98b788 to Target : METHOD {Lnet/minecraft/client/renderer/LevelRenderer;} {renderLevel} {(Lcom/mojang/blaze3d/vertex/PoseStack;FJZLnet/minecraft/client/Camera;Lnet/minecraft/client/renderer/GameRenderer;Lnet/minecraft/client/renderer/LightTexture;Lorg/joml/Matrix4f;)V}
[242月2025 23:47:00.097] [main/DEBUG] [cpw.mods.modlauncher.TransformStore/MODLAUNCHER]: Adding transformer net.minecraftforge.coremod.transformer.CoreModMethodTransformer@794eeaf8 to Target : METHOD {Lnet/minecraft/client/renderer/BiomeColors;} {lambda$static$0} {(Lnet/minecraft/world/level/biome/Biome;DD)I}
[242月2025 23:47:00.097] [main/DEBUG] [cpw.mods.modlauncher.TransformStore/MODLAUNCHER]: Adding transformer net.minecraftforge.coremod.transformer.CoreModMethodTransformer@37c5284a to Target : METHOD {Lnet/minecraft/client/player/LocalPlayer;} {rideTick} {()V}
[242月2025 23:47:00.097] [main/DEBUG] [cpw.mods.modlauncher.TransformStore/MODLAUNCHER]: Adding transformer net.minecraftforge.coremod.transformer.CoreModMethodTransformer@5b8572df to Target : METHOD {Lnet/minecraft/world/item/WrittenBookItem;} {getName} {(Lnet/minecraft/world/item/ItemStack;)Lnet/minecraft/network/chat/Component;}
[242月2025 23:47:00.098] [main/DEBUG] [cpw.mods.modlauncher.TransformStore/MODLAUNCHER]: Adding transformer net.minecraftforge.coremod.transformer.CoreModMethodTransformer@7aaad0 to Target : METHOD {Lnet/minecraft/world/level/levelgen/structure/StructureStart;} {loadStaticStart} {(Lnet/minecraft/world/level/levelgen/structure/pieces/StructurePieceSerializationContext;Lnet/minecraft/nbt/CompoundTag;J)Lnet/minecraft/world/level/levelgen/structure/StructureStart;}
[242月2025 23:47:00.098] [main/DEBUG] [cpw.mods.modlauncher.TransformStore/MODLAUNCHER]: Adding transformer net.minecraftforge.coremod.transformer.CoreModMethodTransformer@eed890d to Target : METHOD {Lnet/minecraft/world/item/Item;} {getPlayerPOVHitResult} {(Lnet/minecraft/world/level/Level;Lnet/minecraft/world/entity/player/Player;Lnet/minecraft/world/level/ClipContext$Fluid;)Lnet/minecraft/world/phys/BlockHitResult;}
[242月2025 23:47:00.098] [main/DEBUG] [cpw.mods.modlauncher.TransformStore/MODLAUNCHER]: Adding transformer net.minecraftforge.coremod.transformer.CoreModMethodTransformer@10f477e2 to Target : METHOD {Lnet/minecraft/world/level/block/MushroomBlock;} {canSurvive} {(Lnet/minecraft/world/level/block/state/BlockState;Lnet/minecraft/world/level/LevelReader;Lnet/minecraft/core/BlockPos;)Z}
[242月2025 23:47:00.098] [main/DEBUG] [cpw.mods.modlauncher.TransformStore/MODLAUNCHER]: Adding transformer net.minecraftforge.coremod.transformer.CoreModMethodTransformer@6097fca9 to Target : METHOD {Lnet/minecraft/world/level/Level;} {isRainingAt} {(Lnet/minecraft/core/BlockPos;)Z}
[242月2025 23:47:00.099] [main/DEBUG] [cpw.mods.modlauncher.TransformStore/MODLAUNCHER]: Adding transformer net.minecraftforge.coremod.transformer.CoreModMethodTransformer@35eee641 to Target : METHOD {Lnet/minecraft/world/entity/decoration/LeashFenceKnotEntity;} {survives} {()Z}
[242月2025 23:47:00.099] [main/DEBUG] [cpw.mods.modlauncher.TransformStore/MODLAUNCHER]: Adding transformer net.minecraftforge.coremod.transformer.CoreModMethodTransformer@5729b410 to Target : METHOD {Lnet/minecraftforge/common/extensions/IForgeItemStack;} {getAllEnchantments} {()Ljava/util/Map;}
[242月2025 23:47:00.099] [main/DEBUG] [cpw.mods.modlauncher.TransformStore/MODLAUNCHER]: Adding transformer net.minecraftforge.coremod.transformer.CoreModMethodTransformer@64518270 to Target : METHOD {Lnet/minecraftforge/common/extensions/IForgeItemStack;} {getEnchantmentLevel} {(Lnet/minecraft/world/item/enchantment/Enchantment;)I}
[242月2025 23:47:00.099] [main/DEBUG] [cpw.mods.modlauncher.TransformationServiceDecorator/MODLAUNCHER]: Initialized transformers for transformation service fml
[242月2025 23:47:03.364] [main/DEBUG] [mixin/]: Processing prepare() for PlatformAgent[MixinPlatformAgentDefault:ModLauncher Root Container(ModLauncher:4f56a0a2)]
[242月2025 23:47:03.365] [main/DEBUG] [mixin/]: Registering mixin config: ultimate_enchantment.mixins.json
[242月2025 23:47:03.449] [main/DEBUG] [mixin/]: Compatibility level JAVA_17 specified by ultimate_enchantment.mixins.json is higher than the maximum level supported by this version of mixin (JAVA_13).
[242月2025 23:47:03.457] [main/INFO] [mixin/]: Compatibility level set to JAVA_17
[242月2025 23:47:03.458] [main/DEBUG] [mixin/]: Registering mixin config: ultimate_enchantment_touhou_little_maid.mixins.json
[242月2025 23:47:03.474] [main/DEBUG] [mixin/]: Processing launch tasks for PlatformAgent[MixinPlatformAgentDefault:ModLauncher Root Container(ModLauncher:4f56a0a2)]
[242月2025 23:47:03.475] [main/DEBUG] [mixin/]: Adding mixin platform agents for container SecureJarResource(attributeslib)
[242月2025 23:47:03.476] [main/DEBUG] [mixin/]: Instancing new MixinPlatformAgentMinecraftForge for SecureJarResource(attributeslib)
[242月2025 23:47:03.480] [main/DEBUG] [mixin/]: MixinPlatformAgentMinecraftForge rejected container SecureJarResource(attributeslib)
[242月2025 23:47:03.480] [main/DEBUG] [mixin/]: Instancing new MixinPlatformAgentDefault for SecureJarResource(attributeslib)
[242月2025 23:47:03.481] [main/DEBUG] [mixin/]: MixinPlatformAgentDefault accepted container SecureJarResource(attributeslib)
[242月2025 23:47:03.481] [main/DEBUG] [mixin/]: Processing prepare() for PlatformAgent[MixinPlatformAgentDefault:SecureJarResource(attributeslib)]
[242月2025 23:47:03.481] [main/DEBUG] [mixin/]: Registering mixin config: attributeslib.mixins.json
[242月2025 23:47:03.487] [main/DEBUG] [mixin/]: Adding mixin platform agents for container SecureJarResource(minecraft)
[242月2025 23:47:03.487] [main/DEBUG] [mixin/]: Instancing new MixinPlatformAgentMinecraftForge for SecureJarResource(minecraft)
[242月2025 23:47:03.487] [main/DEBUG] [mixin/]: MixinPlatformAgentMinecraftForge rejected container SecureJarResource(minecraft)
[242月2025 23:47:03.488] [main/DEBUG] [mixin/]: Instancing new MixinPlatformAgentDefault for SecureJarResource(minecraft)
[242月2025 23:47:03.488] [main/DEBUG] [mixin/]: MixinPlatformAgentDefault accepted container SecureJarResource(minecraft)
[242月2025 23:47:03.488] [main/DEBUG] [mixin/]: Processing prepare() for PlatformAgent[MixinPlatformAgentDefault:SecureJarResource(minecraft)]
[242月2025 23:47:03.488] [main/DEBUG] [mixin/]: Adding mixin platform agents for container SecureJarResource(cyclopscore)
[242月2025 23:47:03.489] [main/DEBUG] [mixin/]: Instancing new MixinPlatformAgentMinecraftForge for SecureJarResource(cyclopscore)
[242月2025 23:47:03.489] [main/DEBUG] [mixin/]: MixinPlatformAgentMinecraftForge rejected container SecureJarResource(cyclopscore)
[242月2025 23:47:03.489] [main/DEBUG] [mixin/]: Instancing new MixinPlatformAgentDefault for SecureJarResource(cyclopscore)
[242月2025 23:47:03.489] [main/DEBUG] [mixin/]: MixinPlatformAgentDefault accepted container SecureJarResource(cyclopscore)
[242月2025 23:47:03.490] [main/DEBUG] [mixin/]: Processing prepare() for PlatformAgent[MixinPlatformAgentDefault:SecureJarResource(cyclopscore)]
[242月2025 23:47:03.490] [main/DEBUG] [mixin/]: Adding mixin platform agents for container SecureJarResource(tslatentitystatus)
[242月2025 23:47:03.490] [main/DEBUG] [mixin/]: Instancing new MixinPlatformAgentMinecraftForge for SecureJarResource(tslatentitystatus)
[242月2025 23:47:03.490] [main/DEBUG] [mixin/]: MixinPlatformAgentMinecraftForge rejected container SecureJarResource(tslatentitystatus)
[242月2025 23:47:03.490] [main/DEBUG] [mixin/]: Instancing new MixinPlatformAgentDefault for SecureJarResource(tslatentitystatus)
[242月2025 23:47:03.491] [main/DEBUG] [mixin/]: MixinPlatformAgentDefault accepted container SecureJarResource(tslatentitystatus)
[242月2025 23:47:03.491] [main/DEBUG] [mixin/]: Processing prepare() for PlatformAgent[MixinPlatformAgentDefault:SecureJarResource(tslatentitystatus)]
[242月2025 23:47:03.491] [main/DEBUG] [mixin/]: Registering mixin config: tslatentitystatus.mixins.json
[242月2025 23:47:03.506] [main/DEBUG] [mixin/]: Adding mixin platform agents for container SecureJarResource(enchdesc)
[242月2025 23:47:03.507] [main/DEBUG] [mixin/]: Instancing new MixinPlatformAgentMinecraftForge for SecureJarResource(enchdesc)
[242月2025 23:47:03.507] [main/DEBUG] [mixin/]: MixinPlatformAgentMinecraftForge rejected container SecureJarResource(enchdesc)
[242月2025 23:47:03.508] [main/DEBUG] [mixin/]: Instancing new MixinPlatformAgentDefault for SecureJarResource(enchdesc)
[242月2025 23:47:03.508] [main/DEBUG] [mixin/]: MixinPlatformAgentDefault accepted container SecureJarResource(enchdesc)
[242月2025 23:47:03.509] [main/DEBUG] [mixin/]: Processing prepare() for PlatformAgent[MixinPlatformAgentDefault:SecureJarResource(enchdesc)]
[242月2025 23:47:03.509] [main/DEBUG] [mixin/]: Adding mixin platform agents for container SecureJarResource(bookshelf)
[242月2025 23:47:03.509] [main/DEBUG] [mixin/]: Instancing new MixinPlatformAgentMinecraftForge for SecureJarResource(bookshelf)
[242月2025 23:47:03.510] [main/DEBUG] [mixin/]: MixinPlatformAgentMinecraftForge rejected container SecureJarResource(bookshelf)
[242月2025 23:47:03.510] [main/DEBUG] [mixin/]: Instancing new MixinPlatformAgentDefault for SecureJarResource(bookshelf)
[242月2025 23:47:03.513] [main/DEBUG] [mixin/]: MixinPlatformAgentDefault accepted container SecureJarResource(bookshelf)
[242月2025 23:47:03.513] [main/DEBUG] [mixin/]: Processing prepare() for PlatformAgent[MixinPlatformAgentDefault:SecureJarResource(bookshelf)]
[242月2025 23:47:03.514] [main/DEBUG] [mixin/]: Registering mixin config: bookshelf.common.mixins.json
[242月2025 23:47:03.519] [main/DEBUG] [mixin/]: Registering mixin config: bookshelf.forge.mixins.json
[242月2025 23:47:03.527] [main/DEBUG] [mixin/]: Adding mixin platform agents for container SecureJarResource(apotheosis)
[242月2025 23:47:03.528] [main/DEBUG] [mixin/]: Instancing new MixinPlatformAgentMinecraftForge for SecureJarResource(apotheosis)
[242月2025 23:47:03.530] [main/DEBUG] [mixin/]: MixinPlatformAgentMinecraftForge rejected container SecureJarResource(apotheosis)
[242月2025 23:47:03.531] [main/DEBUG] [mixin/]: Instancing new MixinPlatformAgentDefault for SecureJarResource(apotheosis)
[242月2025 23:47:03.531] [main/DEBUG] [mixin/]: MixinPlatformAgentDefault accepted container SecureJarResource(apotheosis)
[242月2025 23:47:03.532] [main/DEBUG] [mixin/]: Processing prepare() for PlatformAgent[MixinPlatformAgentDefault:SecureJarResource(apotheosis)]
[242月2025 23:47:03.532] [main/DEBUG] [mixin/]: Registering mixin config: apotheosis.mixins.json
[242月2025 23:47:03.538] [main/DEBUG] [mixin/]: Adding mixin platform agents for container SecureJarResource(jei)
[242月2025 23:47:03.539] [main/DEBUG] [mixin/]: Instancing new MixinPlatformAgentMinecraftForge for SecureJarResource(jei)
[242月2025 23:47:03.539] [main/DEBUG] [mixin/]: MixinPlatformAgentMinecraftForge rejected container SecureJarResource(jei)
[242月2025 23:47:03.540] [main/DEBUG] [mixin/]: Instancing new MixinPlatformAgentDefault for SecureJarResource(jei)
[242月2025 23:47:03.540] [main/DEBUG] [mixin/]: MixinPlatformAgentDefault accepted container SecureJarResource(jei)
[242月2025 23:47:03.540] [main/DEBUG] [mixin/]: Processing prepare() for PlatformAgent[MixinPlatformAgentDefault:SecureJarResource(jei)]
[242月2025 23:47:03.540] [main/DEBUG] [mixin/]: Adding mixin platform agents for container SecureJarResource(puzzleslib)
[242月2025 23:47:03.541] [main/DEBUG] [mixin/]: Instancing new MixinPlatformAgentMinecraftForge for SecureJarResource(puzzleslib)
[242月2025 23:47:03.541] [main/DEBUG] [mixin/]: MixinPlatformAgentMinecraftForge rejected container SecureJarResource(puzzleslib)
[242月2025 23:47:03.541] [main/DEBUG] [mixin/]: Instancing new MixinPlatformAgentDefault for SecureJarResource(puzzleslib)
[242月2025 23:47:03.542] [main/DEBUG] [mixin/]: MixinPlatformAgentDefault accepted container SecureJarResource(puzzleslib)
[242月2025 23:47:03.542] [main/DEBUG] [mixin/]: Processing prepare() for PlatformAgent[MixinPlatformAgentDefault:SecureJarResource(puzzleslib)]
[242月2025 23:47:03.542] [main/DEBUG] [mixin/]: Registering mixin config: puzzleslib.common.mixins.json
[242月2025 23:47:03.555] [main/DEBUG] [mixin/]: Registering mixin config: puzzleslib.forge.mixins.json
[242月2025 23:47:03.564] [main/DEBUG] [mixin/]: Adding mixin platform agents for container SecureJarResource(everlastingabilities)
[242月2025 23:47:03.564] [main/DEBUG] [mixin/]: Instancing new MixinPlatformAgentMinecraftForge for SecureJarResource(everlastingabilities)
[242月2025 23:47:03.564] [main/DEBUG] [mixin/]: MixinPlatformAgentMinecraftForge rejected container SecureJarResource(everlastingabilities)
[242月2025 23:47:03.565] [main/DEBUG] [mixin/]: Instancing new MixinPlatformAgentDefault for SecureJarResource(everlastingabilities)
[242月2025 23:47:03.565] [main/DEBUG] [mixin/]: MixinPlatformAgentDefault accepted container SecureJarResource(everlastingabilities)
[242月2025 23:47:03.565] [main/DEBUG] [mixin/]: Processing prepare() for PlatformAgent[MixinPlatformAgentDefault:SecureJarResource(everlastingabilities)]
[242月2025 23:47:03.565] [main/DEBUG] [mixin/]: Adding mixin platform agents for container SecureJarResource(slashblade)
[242月2025 23:47:03.566] [main/DEBUG] [mixin/]: Instancing new MixinPlatformAgentMinecraftForge for SecureJarResource(slashblade)
[242月2025 23:47:03.567] [main/DEBUG] [mixin/]: MixinPlatformAgentMinecraftForge rejected container SecureJarResource(slashblade)
[242月2025 23:47:03.567] [main/DEBUG] [mixin/]: Instancing new MixinPlatformAgentDefault for SecureJarResource(slashblade)
[242月2025 23:47:03.568] [main/DEBUG] [mixin/]: MixinPlatformAgentDefault accepted container SecureJarResource(slashblade)
[242月2025 23:47:03.568] [main/DEBUG] [mixin/]: Processing prepare() for PlatformAgent[MixinPlatformAgentDefault:SecureJarResource(slashblade)]
[242月2025 23:47:03.569] [main/DEBUG] [mixin/]: Registering mixin config: slashblade.mixins.json
[242月2025 23:47:03.583] [main/DEBUG] [mixin/]: Compatibility level JAVA_8 specified by slashblade.mixins.json is lower than the default level supported by the current mixin service (JAVA_16).
[242月2025 23:47:03.584] [main/DEBUG] [mixin/]: Adding mixin platform agents for container SecureJarResource(puzzlesaccessapi)
[242月2025 23:47:03.585] [main/DEBUG] [mixin/]: Instancing new MixinPlatformAgentMinecraftForge for SecureJarResource(puzzlesaccessapi)
[242月2025 23:47:03.585] [main/DEBUG] [mixin/]: MixinPlatformAgentMinecraftForge rejected container SecureJarResource(puzzlesaccessapi)
[242月2025 23:47:03.585] [main/DEBUG] [mixin/]: Instancing new MixinPlatformAgentDefault for SecureJarResource(puzzlesaccessapi)
[242月2025 23:47:03.586] [main/DEBUG] [mixin/]: MixinPlatformAgentDefault accepted container SecureJarResource(puzzlesaccessapi)
[242月2025 23:47:03.586] [main/DEBUG] [mixin/]: Processing prepare() for PlatformAgent[MixinPlatformAgentDefault:SecureJarResource(puzzlesaccessapi)]
[242月2025 23:47:03.586] [main/DEBUG] [mixin/]: Adding mixin platform agents for container SecureJarResource(ultimate_enchantment)
[242月2025 23:47:03.586] [main/DEBUG] [mixin/]: Instancing new MixinPlatformAgentMinecraftForge for SecureJarResource(ultimate_enchantment)
[242月2025 23:47:03.587] [main/DEBUG] [mixin/]: MixinPlatformAgentMinecraftForge rejected container SecureJarResource(ultimate_enchantment)
[242月2025 23:47:03.587] [main/DEBUG] [mixin/]: Instancing new MixinPlatformAgentDefault for SecureJarResource(ultimate_enchantment)
[242月2025 23:47:03.587] [main/DEBUG] [mixin/]: MixinPlatformAgentDefault accepted container SecureJarResource(ultimate_enchantment)
[242月2025 23:47:03.587] [main/DEBUG] [mixin/]: Processing prepare() for PlatformAgent[MixinPlatformAgentDefault:SecureJarResource(ultimate_enchantment)]
[242月2025 23:47:03.587] [main/DEBUG] [mixin/]: Adding mixin platform agents for container SecureJarResource(forge)
[242月2025 23:47:03.588] [main/DEBUG] [mixin/]: Instancing new MixinPlatformAgentMinecraftForge for SecureJarResource(forge)
[242月2025 23:47:03.589] [main/DEBUG] [mixin/]: MixinPlatformAgentMinecraftForge rejected container SecureJarResource(forge)
[242月2025 23:47:03.589] [main/DEBUG] [mixin/]: Instancing new MixinPlatformAgentDefault for SecureJarResource(forge)
[242月2025 23:47:03.589] [main/DEBUG] [mixin/]: MixinPlatformAgentDefault accepted container SecureJarResource(forge)
[242月2025 23:47:03.589] [main/DEBUG] [mixin/]: Processing prepare() for PlatformAgent[MixinPlatformAgentDefault:SecureJarResource(forge)]
[242月2025 23:47:03.590] [main/DEBUG] [mixin/]: Adding mixin platform agents for container SecureJarResource(touhou_little_maid)
[242月2025 23:47:03.590] [main/DEBUG] [mixin/]: Instancing new MixinPlatformAgentMinecraftForge for SecureJarResource(touhou_little_maid)
[242月2025 23:47:03.590] [main/DEBUG] [mixin/]: MixinPlatformAgentMinecraftForge rejected container SecureJarResource(touhou_little_maid)
[242月2025 23:47:03.590] [main/DEBUG] [mixin/]: Instancing new MixinPlatformAgentDefault for SecureJarResource(touhou_little_maid)
[242月2025 23:47:03.591] [main/DEBUG] [mixin/]: MixinPlatformAgentDefault accepted container SecureJarResource(touhou_little_maid)
[242月2025 23:47:03.592] [main/DEBUG] [mixin/]: Processing prepare() for PlatformAgent[MixinPlatformAgentDefault:SecureJarResource(touhou_little_maid)]
[242月2025 23:47:03.592] [main/DEBUG] [mixin/]: Registering mixin config: touhou_little_maid.mixins.json
[242月2025 23:47:03.601] [main/DEBUG] [mixin/]: Adding mixin platform agents for container SecureJarResource(twilightforest)
[242月2025 23:47:03.602] [main/DEBUG] [mixin/]: Instancing new MixinPlatformAgentMinecraftForge for SecureJarResource(twilightforest)
[242月2025 23:47:03.602] [main/DEBUG] [mixin/]: MixinPlatformAgentMinecraftForge rejected container SecureJarResource(twilightforest)
[242月2025 23:47:03.602] [main/DEBUG] [mixin/]: Instancing new MixinPlatformAgentDefault for SecureJarResource(twilightforest)
[242月2025 23:47:03.602] [main/DEBUG] [mixin/]: MixinPlatformAgentDefault accepted container SecureJarResource(twilightforest)
[242月2025 23:47:03.603] [main/DEBUG] [mixin/]: Processing prepare() for PlatformAgent[MixinPlatformAgentDefault:SecureJarResource(twilightforest)]
[242月2025 23:47:03.603] [main/DEBUG] [mixin/]: Adding mixin platform agents for container SecureJarResource(enchantinginfuser)
[242月2025 23:47:03.603] [main/DEBUG] [mixin/]: Instancing new MixinPlatformAgentMinecraftForge for SecureJarResource(enchantinginfuser)
[242月2025 23:47:03.603] [main/DEBUG] [mixin/]: MixinPlatformAgentMinecraftForge rejected container SecureJarResource(enchantinginfuser)
[242月2025 23:47:03.604] [main/DEBUG] [mixin/]: Instancing new MixinPlatformAgentDefault for SecureJarResource(enchantinginfuser)
[242月2025 23:47:03.604] [main/DEBUG] [mixin/]: MixinPlatformAgentDefault accepted container SecureJarResource(enchantinginfuser)
[242月2025 23:47:03.604] [main/DEBUG] [mixin/]: Processing prepare() for PlatformAgent[MixinPlatformAgentDefault:SecureJarResource(enchantinginfuser)]
[242月2025 23:47:03.604] [main/DEBUG] [mixin/]: Adding mixin platform agents for container SecureJarResource(placebo)
[242月2025 23:47:03.605] [main/DEBUG] [mixin/]: Instancing new MixinPlatformAgentMinecraftForge for SecureJarResource(placebo)
[242月2025 23:47:03.605] [main/DEBUG] [mixin/]: MixinPlatformAgentMinecraftForge rejected container SecureJarResource(placebo)
[242月2025 23:47:03.605] [main/DEBUG] [mixin/]: Instancing new MixinPlatformAgentDefault for SecureJarResource(placebo)
[242月2025 23:47:03.605] [main/DEBUG] [mixin/]: MixinPlatformAgentDefault accepted container SecureJarResource(placebo)
[242月2025 23:47:03.605] [main/DEBUG] [mixin/]: Processing prepare() for PlatformAgent[MixinPlatformAgentDefault:SecureJarResource(placebo)]
[242月2025 23:47:03.605] [main/DEBUG] [mixin/]: Registering mixin config: placebo.mixins.json
[242月2025 23:47:03.614] [main/DEBUG] [mixin/]: inject() running with 19 agents
[242月2025 23:47:03.614] [main/DEBUG] [mixin/]: Processing inject() for PlatformAgent[MixinPlatformAgentDefault:ModLauncher Root Container(ModLauncher:4f56a0a2)]
[242月2025 23:47:03.614] [main/DEBUG] [mixin/]: Processing inject() for PlatformAgent[MixinPlatformAgentDefault:SecureJarResource(attributeslib)]
[242月2025 23:47:03.615] [main/DEBUG] [mixin/]: Processing inject() for PlatformAgent[MixinPlatformAgentDefault:SecureJarResource(minecraft)]
[242月2025 23:47:03.615] [main/DEBUG] [mixin/]: Processing inject() for PlatformAgent[MixinPlatformAgentDefault:SecureJarResource(cyclopscore)]
[242月2025 23:47:03.615] [main/DEBUG] [mixin/]: Processing inject() for PlatformAgent[MixinPlatformAgentDefault:SecureJarResource(tslatentitystatus)]
[242月2025 23:47:03.615] [main/DEBUG] [mixin/]: Processing inject() for PlatformAgent[MixinPlatformAgentDefault:SecureJarResource(enchdesc)]
[242月2025 23:47:03.615] [main/DEBUG] [mixin/]: Processing inject() for PlatformAgent[MixinPlatformAgentDefault:SecureJarResource(bookshelf)]
[242月2025 23:47:03.615] [main/DEBUG] [mixin/]: Processing inject() for PlatformAgent[MixinPlatformAgentDefault:SecureJarResource(apotheosis)]
[242月2025 23:47:03.616] [main/DEBUG] [mixin/]: Processing inject() for PlatformAgent[MixinPlatformAgentDefault:SecureJarResource(jei)]
[242月2025 23:47:03.616] [main/DEBUG] [mixin/]: Processing inject() for PlatformAgent[MixinPlatformAgentDefault:SecureJarResource(puzzleslib)]
[242月2025 23:47:03.616] [main/DEBUG] [mixin/]: Processing inject() for PlatformAgent[MixinPlatformAgentDefault:SecureJarResource(everlastingabilities)]
[242月2025 23:47:03.616] [main/DEBUG] [mixin/]: Processing inject() for PlatformAgent[MixinPlatformAgentDefault:SecureJarResource(slashblade)]
[242月2025 23:47:03.616] [main/DEBUG] [mixin/]: Processing inject() for PlatformAgent[MixinPlatformAgentDefault:SecureJarResource(puzzlesaccessapi)]
[242月2025 23:47:03.616] [main/DEBUG] [mixin/]: Processing inject() for PlatformAgent[MixinPlatformAgentDefault:SecureJarResource(ultimate_enchantment)]
[242月2025 23:47:03.617] [main/DEBUG] [mixin/]: Processing inject() for PlatformAgent[MixinPlatformAgentDefault:SecureJarResource(forge)]
[242月2025 23:47:03.617] [main/DEBUG] [mixin/]: Processing inject() for PlatformAgent[MixinPlatformAgentDefault:SecureJarResource(touhou_little_maid)]
[242月2025 23:47:03.617] [main/DEBUG] [mixin/]: Processing inject() for PlatformAgent[MixinPlatformAgentDefault:SecureJarResource(twilightforest)]
[242月2025 23:47:03.617] [main/DEBUG] [mixin/]: Processing inject() for PlatformAgent[MixinPlatformAgentDefault:SecureJarResource(enchantinginfuser)]
[242月2025 23:47:03.617] [main/DEBUG] [mixin/]: Processing inject() for PlatformAgent[MixinPlatformAgentDefault:SecureJarResource(placebo)]
[242月2025 23:47:03.618] [main/INFO] [cpw.mods.modlauncher.LaunchServiceHandler/MODLAUNCHER]: Launching target 'forgedatauserdev' with arguments [--gameDir, ., --assetsDir, D:\.gradle\caches\forge_gradle\assets, --assetIndex, 5, --mod, ultimate_enchantment, --all, --output, E:\moddig\project\UltimateEnchantment\UltimateEnchantment-forge-1.20.1\src\generated\resources, --existing, E:\moddig\project\UltimateEnchantment\UltimateEnchantment-forge-1.20.1\src\main\resources]
[242月2025 23:47:04.510] [main/DEBUG] [mixin/]: Error cleaning class output directory: .mixin.out
[242月2025 23:47:04.514] [main/DEBUG] [mixin/]: Preparing mixins for MixinEnvironment[DEFAULT]
[242月2025 23:47:04.515] [main/DEBUG] [mixin/]: Selecting config ultimate_enchantment.mixins.json
[242月2025 23:47:04.545] [main/WARN] [mixin/]: Reference map 'ultimate_enchantment.mixins.refmap.json' for ultimate_enchantment.mixins.json could not be read. If this is a development environment you can ignore this message
[242月2025 23:47:04.548] [main/DEBUG] [mixin/]: Selecting config ultimate_enchantment_touhou_little_maid.mixins.json
[242月2025 23:47:04.587] [main/WARN] [mixin/]: Reference map 'ultimate_enchantment.mixins.refmap.json' for ultimate_enchantment_touhou_little_maid.mixins.json could not be read. If this is a development environment you can ignore this message
[242月2025 23:47:04.588] [main/DEBUG] [mixin/]: Selecting config attributeslib.mixins.json
[242月2025 23:47:06.182] [main/INFO] [mixin/]: Remapping refMap attributeslib.refmap.json using E:\moddig\project\UltimateEnchantment\UltimateEnchantment-forge-1.20.1/build/createSrgToMcp/output.srg
[242月2025 23:47:06.183] [main/DEBUG] [mixin/]: Selecting config tslatentitystatus.mixins.json
[242月2025 23:47:06.195] [main/INFO] [mixin/]: Remapping refMap tslatentitystatus.refmap.json using E:\moddig\project\UltimateEnchantment\UltimateEnchantment-forge-1.20.1/build/createSrgToMcp/output.srg
[242月2025 23:47:06.195] [main/DEBUG] [mixin/]: Selecting config bookshelf.common.mixins.json
[242月2025 23:47:06.200] [main/INFO] [mixin/]: Remapping refMap bookshelf.refmap.json using E:\moddig\project\UltimateEnchantment\UltimateEnchantment-forge-1.20.1/build/createSrgToMcp/output.srg
[242月2025 23:47:06.201] [main/DEBUG] [mixin/]: Selecting config bookshelf.forge.mixins.json
[242月2025 23:47:06.211] [main/INFO] [mixin/]: Remapping refMap bookshelf.refmap.json using E:\moddig\project\UltimateEnchantment\UltimateEnchantment-forge-1.20.1/build/createSrgToMcp/output.srg
[242月2025 23:47:06.212] [main/DEBUG] [mixin/]: Selecting config apotheosis.mixins.json
[242月2025 23:47:06.233] [main/INFO] [mixin/]: Remapping refMap apotheosis.refmap.json using E:\moddig\project\UltimateEnchantment\UltimateEnchantment-forge-1.20.1/build/createSrgToMcp/output.srg
[242月2025 23:47:06.237] [main/DEBUG] [mixin/]: Selecting config puzzleslib.common.mixins.json
[242月2025 23:47:06.415] [main/INFO] [Puzzles Lib/]: Loading 18 mods:
	- apotheosis 7.4.3
	- attributeslib 1.3.7
	- bookshelf 20.2.13
	- cyclopscore 1.19.5
	- enchantinginfuser 8.0.3
	- enchdesc 17.1.19
	- everlastingabilities 2.2.0
	- forge 47.3.0
	- jei 15.20.0.106
	- minecraft 1.20.1
	- placebo 8.6.2
	- puzzleslib 8.1.25
		\-- puzzlesaccessapi 8.0.7
	- slashblade 1.1.10
	- touhou_little_maid 1.1.13
	- tslatentitystatus 1.5.1
	- twilightforest 4.3.2508
	- ultimate_enchantment 2001.2.2
[242月2025 23:47:06.590] [main/INFO] [mixin/]: Remapping refMap puzzleslib.refmap.json using E:\moddig\project\UltimateEnchantment\UltimateEnchantment-forge-1.20.1/build/createSrgToMcp/output.srg
[242月2025 23:47:06.591] [main/DEBUG] [mixin/]: Selecting config puzzleslib.forge.mixins.json
[242月2025 23:47:06.602] [main/INFO] [mixin/]: Remapping refMap puzzleslib.refmap.json using E:\moddig\project\UltimateEnchantment\UltimateEnchantment-forge-1.20.1/build/createSrgToMcp/output.srg
[242月2025 23:47:06.603] [main/DEBUG] [mixin/]: Selecting config slashblade.mixins.json
[242月2025 23:47:06.653] [main/INFO] [mixin/]: Remapping refMap slashblade.refmap.json using E:\moddig\project\UltimateEnchantment\UltimateEnchantment-forge-1.20.1/build/createSrgToMcp/output.srg
[242月2025 23:47:06.653] [main/DEBUG] [mixin/]: Selecting config touhou_little_maid.mixins.json
[242月2025 23:47:06.668] [main/INFO] [mixin/]: Remapping refMap touhou_little_maid.refmap.json using E:\moddig\project\UltimateEnchantment\UltimateEnchantment-forge-1.20.1/build/createSrgToMcp/output.srg
[242月2025 23:47:06.668] [main/DEBUG] [mixin/]: Selecting config placebo.mixins.json
[242月2025 23:47:06.672] [main/INFO] [mixin/]: Remapping refMap placebo.refmap.json using E:\moddig\project\UltimateEnchantment\UltimateEnchantment-forge-1.20.1/build/createSrgToMcp/output.srg
[242月2025 23:47:06.672] [main/DEBUG] [mixin/]: Preparing ultimate_enchantment.mixins.json (11)
[242月2025 23:47:06.926] [main/DEBUG] [net.minecraftforge.coremod.transformer.CoreModBaseTransformer/COREMOD]: Transforming net/minecraft/world/item/ItemStack
[242月2025 23:47:07.006] [main/DEBUG] [net.minecraftforge.coremod.transformer.CoreModBaseTransformer/COREMOD]: Transforming getEnchantmentLevel with desc (Lnet/minecraft/world/item/enchantment/Enchantment;)I
[242月2025 23:47:07.106] [main/INFO] [net.minecraftforge.coremod.CoreMod.placebo/COREMODLOG]: Patching IForgeItemStack#getEnchantmentLevel
[242月2025 23:47:07.269] [main/DEBUG] [net.minecraftforge.coremod.transformer.CoreModBaseTransformer/COREMOD]: Transforming getAllEnchantments with desc ()Ljava/util/Map;
[242月2025 23:47:07.288] [main/INFO] [net.minecraftforge.coremod.CoreMod.placebo/COREMODLOG]: Patching IForgeItemStack#getEnchantmentLevel
[242月2025 23:47:07.566] [main/DEBUG] [mixin/]: Preparing ultimate_enchantment_touhou_little_maid.mixins.json (2)
[242月2025 23:47:07.601] [main/DEBUG] [mixin/]: Preparing attributeslib.mixins.json (17)
[242月2025 23:47:07.926] [main/DEBUG] [mixin/]: Preparing tslatentitystatus.mixins.json (7)
[242月2025 23:47:07.946] [main/DEBUG] [net.minecraftforge.coremod.transformer.CoreModBaseTransformer/COREMOD]: Transforming getRenderer with desc (Lnet/minecraft/world/entity/Entity;)Lnet/minecraft/client/renderer/entity/EntityRenderer;
[242月2025 23:47:08.021] [main/DEBUG] [net.minecraftforge.coremod.transformer.CoreModBaseTransformer/COREMOD]: Transforming onResourceManagerReload with desc (Lnet/minecraft/server/packs/resources/ResourceManager;)V
[242月2025 23:47:08.085] [main/DEBUG] [net.minecraftforge.coremod.transformer.CoreModBaseTransformer/COREMOD]: Transforming renderLevel with desc (Lcom/mojang/blaze3d/vertex/PoseStack;FJZLnet/minecraft/client/Camera;Lnet/minecraft/client/renderer/GameRenderer;Lnet/minecraft/client/renderer/LightTexture;Lorg/joml/Matrix4f;)V
[242月2025 23:47:08.465] [main/DEBUG] [mixin/]: Preparing bookshelf.common.mixins.json (23)
[242月2025 23:47:08.707] [main/DEBUG] [net.minecraftforge.coremod.transformer.CoreModBaseTransformer/COREMOD]: Transforming net/minecraft/world/effect/MobEffectInstance
[242月2025 23:47:08.833] [main/DEBUG] [net.minecraftforge.coremod.transformer.CoreModBaseTransformer/COREMOD]: Transforming getPlayerPOVHitResult with desc (Lnet/minecraft/world/level/Level;Lnet/minecraft/world/entity/player/Player;Lnet/minecraft/world/level/ClipContext$Fluid;)Lnet/minecraft/world/phys/BlockHitResult;
[242月2025 23:47:08.903] [main/DEBUG] [mixin/]: Preparing bookshelf.forge.mixins.json (1)
[242月2025 23:47:08.906] [main/DEBUG] [mixin/]: Preparing apotheosis.mixins.json (30)
[242月2025 23:47:09.062] [main/DEBUG] [net.minecraftforge.coremod.transformer.CoreModBaseTransformer/COREMOD]: Transforming net/minecraft/world/inventory/AnvilMenu
[242月2025 23:47:09.499] [main/INFO] [net.minecraftforge.coremod.CoreMod.apotheosis/COREMODLOG]: Replaced 2 calls to Enchantment#getMaxLevel() in net/minecraft/world/inventory/AnvilMenu
[242月2025 23:47:09.560] [main/WARN] [mixin/]: Error loading class: org/violetmoon/quark/content/tweaks/module/GoldToolsHaveFortuneModule (java.lang.ClassNotFoundException: org.violetmoon.quark.content.tweaks.module.GoldToolsHaveFortuneModule)
[242月2025 23:47:09.562] [main/DEBUG] [mixin/]: Skipping virtual target org.violetmoon.quark.content.tweaks.module.GoldToolsHaveFortuneModule for apotheosis.mixins.json:GoldToolsHaveFortuneModuleMixin
[242月2025 23:47:09.567] [main/DEBUG] [net.minecraftforge.coremod.transformer.CoreModBaseTransformer/COREMOD]: Transforming getEnchantmentLevel with desc (Lnet/minecraft/world/item/enchantment/Enchantment;)I
[242月2025 23:47:09.569] [main/INFO] [net.minecraftforge.coremod.CoreMod.placebo/COREMODLOG]: Patching IForgeItemStack#getEnchantmentLevel
[242月2025 23:47:09.571] [main/DEBUG] [net.minecraftforge.coremod.transformer.CoreModBaseTransformer/COREMOD]: Transforming getAllEnchantments with desc ()Ljava/util/Map;
[242月2025 23:47:09.572] [main/INFO] [net.minecraftforge.coremod.CoreMod.placebo/COREMODLOG]: Patching IForgeItemStack#getEnchantmentLevel
[242月2025 23:47:09.635] [main/WARN] [mixin/]: Error loading class: com/hollingsworth/arsnouveau/common/items/SpellCrossbow (java.lang.ClassNotFoundException: com.hollingsworth.arsnouveau.common.items.SpellCrossbow)
[242月2025 23:47:09.636] [main/DEBUG] [mixin/]: Skipping virtual target com.hollingsworth.arsnouveau.common.items.SpellCrossbow for apotheosis.mixins.json:SpellCrossbowMixin
[242月2025 23:47:09.688] [main/WARN] [mixin/]: Error loading class: org/violetmoon/quark/content/client/tooltip/AttributeTooltips (java.lang.ClassNotFoundException: org.violetmoon.quark.content.client.tooltip.AttributeTooltips)
[242月2025 23:47:09.688] [main/DEBUG] [mixin/]: Skipping virtual target org.violetmoon.quark.content.client.tooltip.AttributeTooltips for apotheosis.mixins.json:client.AttributeTooltipsMixin
[242月2025 23:47:09.693] [main/DEBUG] [mixin/]: Preparing puzzleslib.common.mixins.json (3)
[242月2025 23:47:09.705] [main/DEBUG] [mixin/]: Preparing puzzleslib.forge.mixins.json (13)
[242月2025 23:47:09.822] [main/DEBUG] [mixin/]: Preparing slashblade.mixins.json (1)
[242月2025 23:47:09.834] [main/DEBUG] [mixin/]: Preparing touhou_little_maid.mixins.json (9)
[242月2025 23:47:09.900] [main/DEBUG] [net.minecraftforge.coremod.transformer.CoreModBaseTransformer/COREMOD]: Transforming net/minecraft/world/level/levelgen/structure/templatesystem/StructureTemplate
[242月2025 23:47:10.267] [main/DEBUG] [mixin/]: Preparing placebo.mixins.json (6)
[242月2025 23:47:10.317] [main/DEBUG] [mixin/]: Registering new injector for @Inject with org.spongepowered.asm.mixin.injection.struct.CallbackInjectionInfo
[242月2025 23:47:10.320] [main/DEBUG] [mixin/]: Registering new injector for @ModifyArg with org.spongepowered.asm.mixin.injection.struct.ModifyArgInjectionInfo
[242月2025 23:47:10.322] [main/DEBUG] [mixin/]: Registering new injector for @ModifyArgs with org.spongepowered.asm.mixin.injection.struct.ModifyArgsInjectionInfo
[242月2025 23:47:10.327] [main/DEBUG] [mixin/]: Registering new injector for @Redirect with org.spongepowered.asm.mixin.injection.struct.RedirectInjectionInfo
[242月2025 23:47:10.330] [main/DEBUG] [mixin/]: Registering new injector for @ModifyVariable with org.spongepowered.asm.mixin.injection.struct.ModifyVariableInjectionInfo
[242月2025 23:47:10.335] [main/DEBUG] [mixin/]: Registering new injector for @ModifyConstant with org.spongepowered.asm.mixin.injection.struct.ModifyConstantInjectionInfo
[242月2025 23:47:10.413] [main/DEBUG] [mixin/]: Prepared 120 mixins in 5.895 sec (49.1ms avg) (0ms load, 0ms transform, 0ms plugin)
[242月2025 23:47:11.660] [main/DEBUG] [io.netty.util.internal.logging.InternalLoggerFactory/]: Using SLF4J as the default logging framework
[242月2025 23:47:11.665] [main/DEBUG] [io.netty.util.ResourceLeakDetector/]: -Dio.netty.leakDetection.level: simple
[242月2025 23:47:11.665] [main/DEBUG] [io.netty.util.ResourceLeakDetector/]: -Dio.netty.leakDetection.targetRecords: 4
[242月2025 23:47:12.429] [main/INFO] [net.minecraftforge.data.loading.DatagenModLoader/]: Initializing Data Gatherer for mods [ultimate_enchantment]
[242月2025 23:47:12.726] [main/DEBUG] [mixin/]: Mixing accessor.ForgeRegistryForgeAccessor from puzzleslib.forge.mixins.json into net.minecraftforge.registries.ForgeRegistry
[242月2025 23:47:12.900] [main/DEBUG] [mixin/]: Mixing BlockMixin from ultimate_enchantment.mixins.json into net.minecraft.world.level.block.Block
[242月2025 23:47:12.928] [main/DEBUG] [mixin/]: Mixing BlockMixin from apotheosis.mixins.json into net.minecraft.world.level.block.Block
[242月2025 23:47:12.962] [main/DEBUG] [mixin/]: Mixing accessor.BlockAccessor from puzzleslib.common.mixins.json into net.minecraft.world.level.block.Block
[242月2025 23:47:13.055] [main/DEBUG] [net.minecraftforge.coremod.transformer.CoreModBaseTransformer/COREMOD]: Transforming isRainingAt with desc (Lnet/minecraft/core/BlockPos;)Z
[242月2025 23:47:13.297] [main/DEBUG] [mixin/]: Mixing MixinBlockBehaviour from slashblade.mixins.json into net.minecraft.world.level.block.state.BlockBehaviour$BlockStateBase
[242月2025 23:47:13.305] [main/DEBUG] [mixin/]: slashblade.mixins.json:MixinBlockBehaviour: Class version 61 required is higher than the class version supported by the current version of Mixin (JAVA_8 supports class version 52)
[242月2025 23:47:13.516] [main/DEBUG] [mixin/]: Mixing EntityMixin from ultimate_enchantment.mixins.json into net.minecraft.world.entity.Entity
[242月2025 23:47:13.525] [main/DEBUG] [mixin/]: Mixing EntityMixin from attributeslib.mixins.json into net.minecraft.world.entity.Entity
[242月2025 23:47:13.545] [main/DEBUG] [mixin/]: Mixing accessors.entity.AccessorEntity from bookshelf.common.mixins.json into net.minecraft.world.entity.Entity
[242月2025 23:47:13.560] [main/DEBUG] [mixin/]: Mixing EntityMixin from touhou_little_maid.mixins.json into net.minecraft.world.entity.Entity
[242月2025 23:47:13.778] [main/DEBUG] [mixin/]: Mixing IForgeEntityMixin from attributeslib.mixins.json into net.minecraftforge.common.extensions.IForgeEntity
[242月2025 23:47:13.842] [main/DEBUG] [mixin/]: Mixing LivingEntityMixin from ultimate_enchantment.mixins.json into net.minecraft.world.entity.LivingEntity
[242月2025 23:47:13.876] [main/DEBUG] [mixin/]: Mixing LivingEntityMixin from attributeslib.mixins.json into net.minecraft.world.entity.LivingEntity
[242月2025 23:47:13.896] [main/DEBUG] [mixin/]: Mixing common.LivingEntityMixin from tslatentitystatus.mixins.json into net.minecraft.world.entity.LivingEntity
[242月2025 23:47:13.920] [main/DEBUG] [mixin/]: Mixing accessors.entity.AccessorLivingEntity from bookshelf.common.mixins.json into net.minecraft.world.entity.LivingEntity
[242月2025 23:47:13.988] [main/DEBUG] [mixin/]: Mixing patches.entity.MixinLivingEntity from bookshelf.common.mixins.json into net.minecraft.world.entity.LivingEntity
[242月2025 23:47:13.994] [main/DEBUG] [mixin/]: Mixing LivingEntityInvoker from apotheosis.mixins.json into net.minecraft.world.entity.LivingEntity
[242月2025 23:47:14.063] [main/DEBUG] [mixin/]: Mixing LivingEntityMixin from apotheosis.mixins.json into net.minecraft.world.entity.LivingEntity
[242月2025 23:47:14.085] [main/DEBUG] [mixin/]: Mixing MHFMixinLivingEntity from apotheosis.mixins.json into net.minecraft.world.entity.LivingEntity
[242月2025 23:47:14.114] [main/DEBUG] [net.minecraftforge.coremod.transformer.CoreModBaseTransformer/COREMOD]: Transforming net/minecraft/world/entity/EntityType
[242月2025 23:47:14.776] [main/DEBUG] [mixin/]: Mixing ItemEntityMixin from ultimate_enchantment.mixins.json into net.minecraft.world.entity.item.ItemEntity
[242月2025 23:47:14.808] [main/DEBUG] [mixin/]: Mixing PlayerMixin from attributeslib.mixins.json into net.minecraft.world.entity.player.Player
[242月2025 23:47:14.990] [main/DEBUG] [net.minecraftforge.coremod.transformer.CoreModBaseTransformer/COREMOD]: Transforming isRainingAt with desc (Lnet/minecraft/core/BlockPos;)Z
[242月2025 23:47:15.138] [main/DEBUG] [net.minecraftforge.coremod.transformer.CoreModBaseTransformer/COREMOD]: Transforming getPlayerPOVHitResult with desc (Lnet/minecraft/world/level/Level;Lnet/minecraft/world/entity/player/Player;Lnet/minecraft/world/level/ClipContext$Fluid;)Lnet/minecraft/world/phys/BlockHitResult;
[242月2025 23:47:15.139] [main/DEBUG] [mixin/]: Mixing accessors.item.AccessorItem from bookshelf.common.mixins.json into net.minecraft.world.item.Item
[242月2025 23:47:15.150] [main/DEBUG] [mixin/]: Mixing ItemMixin from apotheosis.mixins.json into net.minecraft.world.item.Item
[242月2025 23:47:15.153] [main/DEBUG] [mixin/]: Mixing client.accessor.ItemForgeAccessor from puzzleslib.forge.mixins.json into net.minecraft.world.item.Item
[242月2025 23:47:15.193] [main/DEBUG] [mixin/]: Mixing IForgeItemMixin from attributeslib.mixins.json into net.minecraftforge.common.extensions.IForgeItem
[242月2025 23:47:15.230] [main/DEBUG] [net.minecraftforge.coremod.transformer.CoreModBaseTransformer/COREMOD]: Transforming net/minecraft/world/entity/EntityType
[242月2025 23:47:15.426] [main/DEBUG] [mixin/]: Mixing EnchantmentMixin from ultimate_enchantment.mixins.json into net.minecraft.world.item.enchantment.Enchantment
[242月2025 23:47:15.443] [main/DEBUG] [mixin/]: Mixing EnchantmentMixin from apotheosis.mixins.json into net.minecraft.world.item.enchantment.Enchantment
[242月2025 23:47:15.446] [main/DEBUG] [mixin/]: Renaming synthetic method lambda$apoth_modifyEnchColorForAboveMaxLevel$0(Lnet/minecraft/network/chat/Style;)Lnet/minecraft/network/chat/Style; to md2f9d17$lambda$apoth_modifyEnchColorForAboveMaxLevel$0$0 in apotheosis.mixins.json:EnchantmentMixin
[242月2025 23:47:15.525] [main/DEBUG] [mixin/]: Mixing AttributeMixin from ultimate_enchantment.mixins.json into net.minecraft.world.entity.ai.attributes.Attribute
[242月2025 23:47:15.532] [main/DEBUG] [mixin/]: Mixing AttributeMixin from attributeslib.mixins.json into net.minecraft.world.entity.ai.attributes.Attribute
[242月2025 23:47:15.730] [main/DEBUG] [net.minecraftforge.coremod.transformer.CoreModBaseTransformer/COREMOD]: Transforming net/minecraft/world/item/CreativeModeTabs
[242月2025 23:47:15.890] [main/INFO] [net.minecraftforge.coremod.CoreMod.apotheosis/COREMODLOG]: Replaced 2 calls to Enchantment#getMaxLevel() in net/minecraft/world/item/CreativeModeTabs
[242月2025 23:47:15.917] [main/DEBUG] [mixin/]: Mixing accessor.FireBlockForgeAccessor from puzzleslib.forge.mixins.json into net.minecraft.world.level.block.FireBlock
[242月2025 23:47:16.307] [main/DEBUG] [net.minecraftforge.coremod.transformer.CoreModBaseTransformer/COREMOD]: Transforming net/minecraft/world/level/block/LiquidBlock
[242月2025 23:47:16.399] [main/DEBUG] [net.minecraftforge.coremod.transformer.CoreModBaseTransformer/COREMOD]: Transforming canSurvive with desc (Lnet/minecraft/world/level/block/state/BlockState;Lnet/minecraft/world/level/LevelReader;Lnet/minecraft/core/BlockPos;)Z
[242月2025 23:47:16.435] [main/DEBUG] [net.minecraftforge.coremod.transformer.CoreModBaseTransformer/COREMOD]: Transforming net/minecraft/world/level/block/StairBlock
[242月2025 23:47:16.605] [main/DEBUG] [mixin/]: Mixing FenceGateBlockAccessor from touhou_little_maid.mixins.json into net.minecraft.world.level.block.FenceGateBlock
[242月2025 23:47:16.690] [main/DEBUG] [net.minecraftforge.coremod.transformer.CoreModBaseTransformer/COREMOD]: Transforming net/minecraft/world/level/block/FlowerPotBlock
[242月2025 23:47:16.720] [main/DEBUG] [mixin/]: Mixing AnvilBlockMixin from placebo.mixins.json into net.minecraft.world.level.block.AnvilBlock
[242月2025 23:47:16.968] [main/DEBUG] [mixin/]: Mixing CandleBlockMixin from apotheosis.mixins.json into net.minecraft.world.level.block.CandleBlock
[242月2025 23:47:17.385] [main/DEBUG] [mixin/]: Mixing FallingBlockEntityMixin from apotheosis.mixins.json into net.minecraft.world.entity.item.FallingBlockEntity
[242月2025 23:47:17.510] [main/DEBUG] [mixin/]: Mixing patches.block.entity.MixinBaseContainerBlockEntity from bookshelf.forge.mixins.json into net.minecraft.world.level.block.entity.BaseContainerBlockEntity
[242月2025 23:47:18.522] [main/DEBUG] [mixin/]: Mixing AbstractContainerMenuInvoker from placebo.mixins.json into net.minecraft.world.inventory.AbstractContainerMenu
[242月2025 23:47:18.532] [main/DEBUG] [mixin/]: Mixing accessors.inventory.AccessorCraftingMenu from bookshelf.common.mixins.json into net.minecraft.world.inventory.CraftingMenu
[242月2025 23:47:18.575] [main/DEBUG] [mixin/]: Mixing accessors.block.entity.AccessorSignBlockEntity from bookshelf.common.mixins.json into net.minecraft.world.level.block.entity.SignBlockEntity
[242月2025 23:47:18.783] [main/DEBUG] [mixin/]: Mixing AbstractArrowMixin from ultimate_enchantment.mixins.json into net.minecraft.world.entity.projectile.AbstractArrow
[242月2025 23:47:18.796] [main/DEBUG] [mixin/]: Mixing MixinArrowEntity from touhou_little_maid.mixins.json into net.minecraft.world.entity.projectile.AbstractArrow
[242月2025 23:47:18.888] [main/DEBUG] [mixin/]: Mixing accessors.entity.AccessorMob from bookshelf.common.mixins.json into net.minecraft.world.entity.Mob
[242月2025 23:47:19.129] [main/DEBUG] [net.minecraftforge.coremod.transformer.CoreModBaseTransformer/COREMOD]: Transforming net/minecraft/world/item/ItemStack
[242月2025 23:47:19.131] [main/DEBUG] [mixin/]: Mixing ItemStackMixin from apotheosis.mixins.json into net.minecraft.world.item.ItemStack
[242月2025 23:47:19.134] [main/DEBUG] [mixin/]: Renaming synthetic method lambda$swapDura$2(DD)D to md2f9d17$lambda$swapDura$2$0 in apotheosis.mixins.json:ItemStackMixin
[242月2025 23:47:19.136] [main/DEBUG] [mixin/]: Renaming synthetic method lambda$swapDura$1(Lnet/minecraft/server/level/ServerPlayer;Ldev/shadowsoffire/apotheosis/adventure/affix/AffixInstance;)D to md2f9d17$lambda$swapDura$1$1 in apotheosis.mixins.json:ItemStackMixin
[242月2025 23:47:19.138] [main/DEBUG] [mixin/]: Renaming synthetic method lambda$apoth_affixItemName$0(Ldev/shadowsoffire/placebo/reload/DynamicHolder;Lnet/minecraft/network/chat/Style;)Lnet/minecraft/network/chat/Style; to md2f9d17$lambda$apoth_affixItemName$0$2 in apotheosis.mixins.json:ItemStackMixin
[242月2025 23:47:19.213] [main/DEBUG] [mixin/]: Mixing ItemStackMixin from ultimate_enchantment.mixins.json into net.minecraft.world.item.ItemStack
[242月2025 23:47:19.227] [main/DEBUG] [mixin/]: Mixing ItemStackMixin from attributeslib.mixins.json into net.minecraft.world.item.ItemStack
[242月2025 23:47:19.228] [main/DEBUG] [mixin/]: Mixing ItemStackMixin from placebo.mixins.json into net.minecraft.world.item.ItemStack
[242月2025 23:47:19.229] [main/DEBUG] [mixin/]: Renaming synthetic method lambda$getOrCreate$0(Ljava/util/function/Function;Ljava/util/function/ToIntFunction;Lnet/minecraft/resources/ResourceLocation;)Ldev/shadowsoffire/placebo/util/CachedObject; to md2f9d17$lambda$getOrCreate$0$3 in placebo.mixins.json:ItemStackMixin
[242月2025 23:47:19.396] [main/DEBUG] [net.minecraftforge.coremod.transformer.CoreModBaseTransformer/COREMOD]: Transforming getEnchantmentLevel with desc (Lnet/minecraft/world/item/enchantment/Enchantment;)I
[242月2025 23:47:19.397] [main/INFO] [net.minecraftforge.coremod.CoreMod.placebo/COREMODLOG]: Patching IForgeItemStack#getEnchantmentLevel
[242月2025 23:47:19.398] [main/DEBUG] [net.minecraftforge.coremod.transformer.CoreModBaseTransformer/COREMOD]: Transforming getAllEnchantments with desc ()Ljava/util/Map;
[242月2025 23:47:19.398] [main/INFO] [net.minecraftforge.coremod.CoreMod.placebo/COREMODLOG]: Patching IForgeItemStack#getEnchantmentLevel
[242月2025 23:47:19.400] [main/DEBUG] [mixin/]: Mixing IForgeItemStackMixin from apotheosis.mixins.json into net.minecraftforge.common.extensions.IForgeItemStack
[242月2025 23:47:19.586] [main/DEBUG] [net.minecraftforge.coremod.transformer.CoreModBaseTransformer/COREMOD]: Transforming net/minecraft/world/inventory/AnvilMenu
[242月2025 23:47:19.646] [main/INFO] [net.minecraftforge.coremod.CoreMod.apotheosis/COREMODLOG]: Replaced 2 calls to Enchantment#getMaxLevel() in net/minecraft/world/inventory/AnvilMenu
[242月2025 23:47:19.646] [main/DEBUG] [mixin/]: Mixing AnvilMenuMixin from apotheosis.mixins.json into net.minecraft.world.inventory.AnvilMenu
[242月2025 23:47:20.205] [main/DEBUG] [mixin/]: Mixing SmithingMenuMixin from apotheosis.mixins.json into net.minecraft.world.inventory.SmithingMenu
[242月2025 23:47:20.529] [main/DEBUG] [mixin/]: Mixing patches.entity.MixinLightningBolt from bookshelf.common.mixins.json into net.minecraft.world.entity.LightningBolt
[242月2025 23:47:20.645] [main/DEBUG] [net.minecraftforge.coremod.transformer.CoreModBaseTransformer/COREMOD]: Transforming net/minecraft/world/entity/animal/frog/Tadpole
[242月2025 23:47:20.692] [main/DEBUG] [mixin/]: Mixing accessor.BlockItemAccessor from puzzleslib.common.mixins.json into net.minecraft.world.item.BlockItem
[242月2025 23:47:20.726] [main/DEBUG] [mixin/]: Mixing ArrowItemMixin from apotheosis.mixins.json into net.minecraft.world.item.ArrowItem
[242月2025 23:47:20.762] [main/DEBUG] [net.minecraftforge.coremod.transformer.CoreModBaseTransformer/COREMOD]: Transforming net/minecraft/world/item/BucketItem
[242月2025 23:47:20.794] [main/DEBUG] [net.minecraftforge.coremod.transformer.CoreModBaseTransformer/COREMOD]: Transforming appendHoverText with desc (Lnet/minecraft/world/item/ItemStack;Lnet/minecraft/world/level/Level;Ljava/util/List;Lnet/minecraft/world/item/TooltipFlag;)V
[242月2025 23:47:20.809] [main/DEBUG] [mixin/]: Mixing ShearsItemMixin from apotheosis.mixins.json into net.minecraft.world.item.ShearsItem
[242月2025 23:47:20.875] [main/DEBUG] [net.minecraftforge.coremod.transformer.CoreModBaseTransformer/COREMOD]: Transforming getName with desc (Lnet/minecraft/world/item/ItemStack;)Lnet/minecraft/network/chat/Component;
[242月2025 23:47:20.891] [main/DEBUG] [net.minecraftforge.coremod.transformer.CoreModBaseTransformer/COREMOD]: Transforming net/minecraft/world/item/EnchantedBookItem
[242月2025 23:47:20.936] [main/DEBUG] [mixin/]: Mixing TridentItemMixin from apotheosis.mixins.json into net.minecraft.world.item.TridentItem
[242月2025 23:47:20.941] [main/DEBUG] [mixin/]: Mixing CrossbowItemMixin from apotheosis.mixins.json into net.minecraft.world.item.CrossbowItem
[242月2025 23:47:21.091] [main/DEBUG] [net.minecraftforge.coremod.transformer.CoreModBaseTransformer/COREMOD]: Transforming survives with desc ()Z
[242月2025 23:47:22.669] [main/DEBUG] [mixin/]: Mixing TemptGoalMixin from apotheosis.mixins.json into net.minecraft.world.entity.ai.goal.TemptGoal
[242月2025 23:47:22.685] [main/DEBUG] [mixin/]: Mixing NearestAttackableTargetGoalMixin from attributeslib.mixins.json into net.minecraft.world.entity.ai.goal.target.NearestAttackableTargetGoal
[242月2025 23:47:22.795] [main/DEBUG] [net.minecraftforge.coremod.transformer.CoreModBaseTransformer/COREMOD]: Transforming net/minecraft/world/entity/monster/Spider
[242月2025 23:47:22.903] [main/DEBUG] [net.minecraftforge.coremod.transformer.CoreModBaseTransformer/COREMOD]: Transforming net/minecraft/world/entity/monster/Zombie
[242月2025 23:47:22.952] [main/DEBUG] [net.minecraftforge.coremod.transformer.CoreModBaseTransformer/COREMOD]: Transforming net/minecraft/world/entity/monster/ZombieVillager
[242月2025 23:47:22.994] [main/DEBUG] [mixin/]: Mixing ThrownTridentMixin from attributeslib.mixins.json into net.minecraft.world.entity.projectile.ThrownTrident
[242月2025 23:47:22.995] [main/DEBUG] [mixin/]: Mixing ThrownTridentMixin from apotheosis.mixins.json into net.minecraft.world.entity.projectile.ThrownTrident
[242月2025 23:47:23.115] [main/DEBUG] [net.minecraftforge.coremod.transformer.CoreModBaseTransformer/COREMOD]: Transforming net/minecraft/world/entity/monster/Evoker$EvokerSummonSpellGoal
[242月2025 23:47:23.216] [main/DEBUG] [net.minecraftforge.coremod.transformer.CoreModBaseTransformer/COREMOD]: Transforming getFramedMapId with desc ()Ljava/util/OptionalInt;
[242月2025 23:47:23.361] [main/DEBUG] [mixin/]: Mixing SlimeMixin from apotheosis.mixins.json into net.minecraft.world.entity.monster.Slime
[242月2025 23:47:23.633] [main/DEBUG] [mixin/]: Mixing SheepMixin from apotheosis.mixins.json into net.minecraft.world.entity.animal.Sheep
[242月2025 23:47:23.684] [main/DEBUG] [net.minecraftforge.coremod.transformer.CoreModBaseTransformer/COREMOD]: Transforming net/minecraft/world/entity/animal/horse/SkeletonTrapGoal
[242月2025 23:47:23.731] [main/DEBUG] [net.minecraftforge.coremod.transformer.CoreModBaseTransformer/COREMOD]: Transforming net/minecraft/world/entity/monster/Strider
[242月2025 23:47:24.034] [main/DEBUG] [net.minecraftforge.coremod.transformer.CoreModBaseTransformer/COREMOD]: Transforming net/minecraft/world/entity/npc/Villager
[242月2025 23:47:24.215] [main/DEBUG] [net.minecraftforge.coremod.transformer.CoreModBaseTransformer/COREMOD]: Transforming catchingFish with desc (Lnet/minecraft/core/BlockPos;)V
[242月2025 23:47:24.235] [main/INFO] [net.minecraftforge.coremod.CoreMod.apotheosis/COREMODLOG]: Patching FishingHook#catchingFish
[242月2025 23:47:24.308] [main/DEBUG] [net.minecraftforge.coremod.transformer.CoreModBaseTransformer/COREMOD]: Transforming net/minecraft/world/effect/MobEffectInstance
[242月2025 23:47:24.309] [main/DEBUG] [mixin/]: Mixing accessors.effect.AccessorMobEffectInstance from bookshelf.common.mixins.json into net.minecraft.world.effect.MobEffectInstance
[242月2025 23:47:24.435] [main/DEBUG] [mixin/]: Mixing accessor.PotionBrewingForgeAccessor from puzzleslib.forge.mixins.json into net.minecraft.world.item.alchemy.PotionBrewing
[242月2025 23:47:24.437] [main/DEBUG] [mixin/]: Renaming @Accessor method puzzleslib$getPotionMixes()Ljava/util/List; to puzzleslib$getPotionMixes_$md$2f9d17$0 in puzzleslib.forge.mixins.json:accessor.PotionBrewingForgeAccessor
[242月2025 23:47:24.443] [main/DEBUG] [mixin/]: Renaming @Accessor method puzzleslib$getContainerMixes()Ljava/util/List; to puzzleslib$getContainerMixes_$md$2f9d17$1 in puzzleslib.forge.mixins.json:accessor.PotionBrewingForgeAccessor
[242月2025 23:47:24.447] [main/DEBUG] [mixin/]: Renaming @Accessor method puzzleslib$getAllowedContainers()Ljava/util/List; to puzzleslib$getAllowedContainers_$md$2f9d17$2 in puzzleslib.forge.mixins.json:accessor.PotionBrewingForgeAccessor
[242月2025 23:47:25.526] [main/DEBUG] [mixin/]: Mixing accessors.item.crafting.AccessorShapedRecipe from bookshelf.common.mixins.json into net.minecraft.world.item.crafting.ShapedRecipe
[242月2025 23:47:25.527] [main/DEBUG] [mixin/]: Renaming @Invoker method bookshelf$keyFromJson(Lcom/google/gson/JsonObject;)Ljava/util/Map; to bookshelf$keyFromJson_$md$2f9d17$0 in bookshelf.common.mixins.json:accessors.item.crafting.AccessorShapedRecipe
[242月2025 23:47:25.534] [main/DEBUG] [mixin/]: Renaming @Invoker method bookshelf$shrink([Ljava/lang/String;)[Ljava/lang/String; to bookshelf$shrink_$md$2f9d17$1 in bookshelf.common.mixins.json:accessors.item.crafting.AccessorShapedRecipe
[242月2025 23:47:25.551] [main/DEBUG] [mixin/]: Renaming @Invoker method bookshelf$patternFromJson(Lcom/google/gson/JsonArray;)[Ljava/lang/String; to bookshelf$patternFromJson_$md$2f9d17$2 in bookshelf.common.mixins.json:accessors.item.crafting.AccessorShapedRecipe
[242月2025 23:47:25.560] [main/DEBUG] [mixin/]: Renaming @Invoker method bookshelf$dissolvePattern([Ljava/lang/String;Ljava/util/Map;II)Lnet/minecraft/core/NonNullList; to bookshelf$dissolvePattern_$md$2f9d17$3 in bookshelf.common.mixins.json:accessors.item.crafting.AccessorShapedRecipe
[242月2025 23:47:26.129] [main/DEBUG] [net.minecraftforge.coremod.transformer.CoreModBaseTransformer/COREMOD]: Transforming net/minecraft/world/level/storage/loot/functions/EnchantRandomlyFunction
[242月2025 23:47:26.210] [main/INFO] [net.minecraftforge.coremod.CoreMod.apotheosis/COREMODLOG]: Replaced 1 calls to Enchantment#getMaxLevel() in net/minecraft/world/level/storage/loot/functions/EnchantRandomlyFunction
[242月2025 23:47:26.211] [main/INFO] [net.minecraftforge.coremod.CoreMod.apotheosis/COREMODLOG]: Replaced 1 calls to Enchantment#isDiscoverable() in net/minecraft/world/level/storage/loot/functions/EnchantRandomlyFunction
[242月2025 23:47:26.437] [main/DEBUG] [mixin/]: Mixing accessors.util.random.AccessorWeightedRandomList from bookshelf.common.mixins.json into net.minecraft.util.random.WeightedRandomList
[242月2025 23:47:27.064] [main/DEBUG] [net.minecraftforge.coremod.transformer.CoreModBaseTransformer/COREMOD]: Transforming net/minecraft/world/level/levelgen/structure/Structure
[242月2025 23:47:27.221] [main/DEBUG] [net.minecraftforge.coremod.transformer.CoreModBaseTransformer/COREMOD]: Transforming net/minecraft/world/level/levelgen/structure/structures/OceanRuinPieces$OceanRuinPiece
[242月2025 23:47:27.240] [main/DEBUG] [net.minecraftforge.coremod.transformer.CoreModBaseTransformer/COREMOD]: Transforming net/minecraft/world/level/levelgen/structure/structures/SwampHutPiece
[242月2025 23:47:27.268] [main/DEBUG] [net.minecraftforge.coremod.transformer.CoreModBaseTransformer/COREMOD]: Transforming net/minecraft/world/level/levelgen/structure/structures/OceanMonumentPieces$OceanMonumentPiece
[242月2025 23:47:27.303] [main/DEBUG] [net.minecraftforge.coremod.transformer.CoreModBaseTransformer/COREMOD]: Transforming net/minecraft/world/level/levelgen/structure/structures/WoodlandMansionPieces$WoodlandMansionPiece
[242月2025 23:47:27.373] [main/DEBUG] [mixin/]: Mixing accessors.world.AccessorStructureTemplatePool from bookshelf.common.mixins.json into net.minecraft.world.level.levelgen.structure.pools.StructureTemplatePool
[242月2025 23:47:27.563] [main/DEBUG] [net.minecraftforge.coremod.transformer.CoreModBaseTransformer/COREMOD]: Transforming net/minecraft/world/level/biome/Biome
[242月2025 23:47:27.641] [main/DEBUG] [mixin/]: Mixing accessor.MobSpawnSettingsBuilderForgeAccessor from puzzleslib.forge.mixins.json into net.minecraft.world.level.biome.MobSpawnSettings$Builder
[242月2025 23:47:28.151] [main/DEBUG] [net.minecraftforge.registries.GameData/REGISTRIES]: Creating vanilla freeze snapshot
[242月2025 23:47:28.154] [main/DEBUG] [net.minecraftforge.registries.ForgeRegistry/REGISTRIES]: Registry minecraft:block Sync: VANILLA -> ACTIVE
[242月2025 23:47:28.187] [main/DEBUG] [net.minecraftforge.registries.ForgeRegistry/REGISTRIES]: Registry minecraft:fluid Sync: VANILLA -> ACTIVE
[242月2025 23:47:28.188] [main/DEBUG] [net.minecraftforge.registries.ForgeRegistry/REGISTRIES]: Registry minecraft:item Sync: VANILLA -> ACTIVE
[242月2025 23:47:28.218] [main/DEBUG] [net.minecraftforge.registries.ForgeRegistry/REGISTRIES]: Registry minecraft:mob_effect Sync: VANILLA -> ACTIVE
[242月2025 23:47:28.219] [main/DEBUG] [net.minecraftforge.registries.ForgeRegistry/REGISTRIES]: Registry minecraft:sound_event Sync: VANILLA -> ACTIVE
[242月2025 23:47:28.243] [main/DEBUG] [net.minecraftforge.registries.ForgeRegistry/REGISTRIES]: Registry minecraft:potion Sync: VANILLA -> ACTIVE
[242月2025 23:47:28.246] [main/DEBUG] [net.minecraftforge.registries.ForgeRegistry/REGISTRIES]: Registry minecraft:enchantment Sync: VANILLA -> ACTIVE
[242月2025 23:47:28.247] [main/DEBUG] [net.minecraftforge.registries.ForgeRegistry/REGISTRIES]: Registry minecraft:entity_type Sync: VANILLA -> ACTIVE
[242月2025 23:47:28.248] [main/DEBUG] [net.minecraftforge.registries.ForgeRegistry/REGISTRIES]: Registry minecraft:block_entity_type Sync: VANILLA -> ACTIVE
[242月2025 23:47:28.249] [main/DEBUG] [net.minecraftforge.registries.ForgeRegistry/REGISTRIES]: Registry minecraft:particle_type Sync: VANILLA -> ACTIVE
[242月2025 23:47:28.249] [main/DEBUG] [net.minecraftforge.registries.ForgeRegistry/REGISTRIES]: Registry minecraft:menu Sync: VANILLA -> ACTIVE
[242月2025 23:47:28.250] [main/DEBUG] [net.minecraftforge.registries.ForgeRegistry/REGISTRIES]: Registry minecraft:painting_variant Sync: VANILLA -> ACTIVE
[242月2025 23:47:28.250] [main/DEBUG] [net.minecraftforge.registries.ForgeRegistry/REGISTRIES]: Registry minecraft:recipe_type Sync: VANILLA -> ACTIVE
[242月2025 23:47:28.250] [main/DEBUG] [net.minecraftforge.registries.ForgeRegistry/REGISTRIES]: Registry minecraft:recipe_serializer Sync: VANILLA -> ACTIVE
[242月2025 23:47:28.251] [main/DEBUG] [net.minecraftforge.registries.ForgeRegistry/REGISTRIES]: Registry minecraft:attribute Sync: VANILLA -> ACTIVE
[242月2025 23:47:28.251] [main/DEBUG] [net.minecraftforge.registries.ForgeRegistry/REGISTRIES]: Registry minecraft:stat_type Sync: VANILLA -> ACTIVE
[242月2025 23:47:28.251] [main/DEBUG] [net.minecraftforge.registries.ForgeRegistry/REGISTRIES]: Registry minecraft:command_argument_type Sync: VANILLA -> ACTIVE
[242月2025 23:47:28.252] [main/DEBUG] [net.minecraftforge.registries.ForgeRegistry/REGISTRIES]: Registry minecraft:villager_profession Sync: VANILLA -> ACTIVE
[242月2025 23:47:28.252] [main/DEBUG] [net.minecraftforge.registries.ForgeRegistry/REGISTRIES]: Registry minecraft:point_of_interest_type Sync: VANILLA -> ACTIVE
[242月2025 23:47:28.254] [main/DEBUG] [net.minecraftforge.registries.ForgeRegistry/REGISTRIES]: Registry minecraft:memory_module_type Sync: VANILLA -> ACTIVE
[242月2025 23:47:28.255] [main/DEBUG] [net.minecraftforge.registries.ForgeRegistry/REGISTRIES]: Registry minecraft:sensor_type Sync: VANILLA -> ACTIVE
[242月2025 23:47:28.256] [main/DEBUG] [net.minecraftforge.registries.ForgeRegistry/REGISTRIES]: Registry minecraft:schedule Sync: VANILLA -> ACTIVE
[242月2025 23:47:28.256] [main/DEBUG] [net.minecraftforge.registries.ForgeRegistry/REGISTRIES]: Registry minecraft:activity Sync: VANILLA -> ACTIVE
[242月2025 23:47:28.256] [main/DEBUG] [net.minecraftforge.registries.ForgeRegistry/REGISTRIES]: Registry minecraft:worldgen/carver Sync: VANILLA -> ACTIVE
[242月2025 23:47:28.256] [main/DEBUG] [net.minecraftforge.registries.ForgeRegistry/REGISTRIES]: Registry minecraft:worldgen/feature Sync: VANILLA -> ACTIVE
[242月2025 23:47:28.258] [main/DEBUG] [net.minecraftforge.registries.ForgeRegistry/REGISTRIES]: Registry minecraft:chunk_status Sync: VANILLA -> ACTIVE
[242月2025 23:47:28.260] [main/DEBUG] [net.minecraftforge.registries.ForgeRegistry/REGISTRIES]: Registry minecraft:worldgen/block_state_provider_type Sync: VANILLA -> ACTIVE
[242月2025 23:47:28.264] [main/DEBUG] [net.minecraftforge.registries.ForgeRegistry/REGISTRIES]: Registry minecraft:worldgen/foliage_placer_type Sync: VANILLA -> ACTIVE
[242月2025 23:47:28.265] [main/DEBUG] [net.minecraftforge.registries.ForgeRegistry/REGISTRIES]: Registry minecraft:worldgen/tree_decorator_type Sync: VANILLA -> ACTIVE
[242月2025 23:47:28.265] [main/DEBUG] [net.minecraftforge.registries.ForgeRegistry/REGISTRIES]: Registry minecraft:worldgen/biome Sync: VANILLA -> ACTIVE
[242月2025 23:47:28.273] [main/DEBUG] [net.minecraftforge.registries.GameData/REGISTRIES]: Vanilla freeze snapshot created
[242月2025 23:47:28.317] [main/DEBUG] [net.minecraftforge.fml.ModWorkManager/LOADING]: Using 8 threads for parallel mod-loading
[242月2025 23:47:28.332] [main/DEBUG] [net.minecraftforge.fml.javafmlmod.FMLJavaModLanguageProvider/LOADING]: Loading FMLModContainer from classloader cpw.mods.modlauncher.TransformingClassLoader@153cb763 - got cpw.mods.cl.ModuleClassLoader@1542af63
[242月2025 23:47:28.335] [main/DEBUG] [net.minecraftforge.fml.javafmlmod.FMLModContainer/LOADING]: Creating FMLModContainer instance for dev.shadowsoffire.attributeslib.AttributesLib
[242月2025 23:47:28.349] [main/DEBUG] [net.minecraftforge.fml.javafmlmod.FMLJavaModLanguageProvider/LOADING]: Loading FMLModContainer from classloader cpw.mods.modlauncher.TransformingClassLoader@153cb763 - got cpw.mods.cl.ModuleClassLoader@1542af63
[242月2025 23:47:28.349] [main/DEBUG] [net.minecraftforge.fml.javafmlmod.FMLModContainer/LOADING]: Creating FMLModContainer instance for org.cyclops.cyclopscore.CyclopsCore
[242月2025 23:47:28.355] [main/DEBUG] [net.minecraftforge.fml.javafmlmod.FMLJavaModLanguageProvider/LOADING]: Loading FMLModContainer from classloader cpw.mods.modlauncher.TransformingClassLoader@153cb763 - got cpw.mods.cl.ModuleClassLoader@1542af63
[242月2025 23:47:28.357] [main/DEBUG] [net.minecraftforge.fml.javafmlmod.FMLModContainer/LOADING]: Creating FMLModContainer instance for net.tslat.tes.TES
[242月2025 23:47:28.360] [main/DEBUG] [net.minecraftforge.fml.javafmlmod.FMLJavaModLanguageProvider/LOADING]: Loading FMLModContainer from classloader cpw.mods.modlauncher.TransformingClassLoader@153cb763 - got cpw.mods.cl.ModuleClassLoader@1542af63
[242月2025 23:47:28.361] [main/DEBUG] [net.minecraftforge.fml.javafmlmod.FMLModContainer/LOADING]: Creating FMLModContainer instance for net.darkhax.enchdesc.EnchDescForge
[242月2025 23:47:28.363] [main/DEBUG] [net.minecraftforge.fml.javafmlmod.FMLJavaModLanguageProvider/LOADING]: Loading FMLModContainer from classloader cpw.mods.modlauncher.TransformingClassLoader@153cb763 - got cpw.mods.cl.ModuleClassLoader@1542af63
[242月2025 23:47:28.363] [main/DEBUG] [net.minecraftforge.fml.javafmlmod.FMLModContainer/LOADING]: Creating FMLModContainer instance for net.darkhax.bookshelf.BookshelfForge
[242月2025 23:47:28.364] [main/DEBUG] [net.minecraftforge.fml.javafmlmod.FMLJavaModLanguageProvider/LOADING]: Loading FMLModContainer from classloader cpw.mods.modlauncher.TransformingClassLoader@153cb763 - got cpw.mods.cl.ModuleClassLoader@1542af63
[242月2025 23:47:28.364] [main/DEBUG] [net.minecraftforge.fml.javafmlmod.FMLModContainer/LOADING]: Creating FMLModContainer instance for dev.shadowsoffire.apotheosis.Apotheosis
[242月2025 23:47:28.366] [main/DEBUG] [net.minecraftforge.fml.javafmlmod.FMLJavaModLanguageProvider/LOADING]: Loading FMLModContainer from classloader cpw.mods.modlauncher.TransformingClassLoader@153cb763 - got cpw.mods.cl.ModuleClassLoader@1542af63
[242月2025 23:47:28.366] [main/DEBUG] [net.minecraftforge.fml.javafmlmod.FMLModContainer/LOADING]: Creating FMLModContainer instance for mezz.jei.forge.JustEnoughItems
[242月2025 23:47:28.367] [main/DEBUG] [net.minecraftforge.fml.javafmlmod.FMLJavaModLanguageProvider/LOADING]: Loading FMLModContainer from classloader cpw.mods.modlauncher.TransformingClassLoader@153cb763 - got cpw.mods.cl.ModuleClassLoader@1542af63
[242月2025 23:47:28.367] [main/DEBUG] [net.minecraftforge.fml.javafmlmod.FMLModContainer/LOADING]: Creating FMLModContainer instance for fuzs.puzzleslib.impl.PuzzlesLibForge
[242月2025 23:47:28.368] [main/DEBUG] [net.minecraftforge.fml.javafmlmod.FMLJavaModLanguageProvider/LOADING]: Loading FMLModContainer from classloader cpw.mods.modlauncher.TransformingClassLoader@153cb763 - got cpw.mods.cl.ModuleClassLoader@1542af63
[242月2025 23:47:28.368] [main/DEBUG] [net.minecraftforge.fml.javafmlmod.FMLModContainer/LOADING]: Creating FMLModContainer instance for org.cyclops.everlastingabilities.EverlastingAbilities
[242月2025 23:47:28.369] [main/DEBUG] [net.minecraftforge.fml.javafmlmod.FMLJavaModLanguageProvider/LOADING]: Loading FMLModContainer from classloader cpw.mods.modlauncher.TransformingClassLoader@153cb763 - got cpw.mods.cl.ModuleClassLoader@1542af63
[242月2025 23:47:28.369] [main/DEBUG] [net.minecraftforge.fml.javafmlmod.FMLModContainer/LOADING]: Creating FMLModContainer instance for mods.flammpfeil.slashblade.SlashBlade
[242月2025 23:47:28.370] [main/DEBUG] [net.minecraftforge.fml.javafmlmod.FMLJavaModLanguageProvider/LOADING]: Loading FMLModContainer from classloader cpw.mods.modlauncher.TransformingClassLoader@153cb763 - got cpw.mods.cl.ModuleClassLoader@1542af63
[242月2025 23:47:28.371] [main/DEBUG] [net.minecraftforge.fml.javafmlmod.FMLModContainer/LOADING]: Creating FMLModContainer instance for fuzs.puzzlesaccessapi.impl.PuzzlesAccessApiForge
[242月2025 23:47:28.371] [main/DEBUG] [net.minecraftforge.fml.javafmlmod.FMLJavaModLanguageProvider/LOADING]: Loading FMLModContainer from classloader cpw.mods.modlauncher.TransformingClassLoader@153cb763 - got cpw.mods.cl.ModuleClassLoader@1542af63
[242月2025 23:47:28.371] [main/DEBUG] [net.minecraftforge.fml.javafmlmod.FMLModContainer/LOADING]: Creating FMLModContainer instance for com.chen1335.ultimateEnchantment.UltimateEnchantment
[242月2025 23:47:28.373] [main/DEBUG] [net.minecraftforge.fml.javafmlmod.FMLJavaModLanguageProvider/LOADING]: Loading FMLModContainer from classloader cpw.mods.modlauncher.TransformingClassLoader@153cb763 - got cpw.mods.cl.ModuleClassLoader@1542af63
[242月2025 23:47:28.373] [main/DEBUG] [net.minecraftforge.fml.javafmlmod.FMLModContainer/LOADING]: Creating FMLModContainer instance for net.minecraftforge.common.ForgeMod
[242月2025 23:47:28.385] [main/DEBUG] [net.minecraftforge.fml.javafmlmod.FMLJavaModLanguageProvider/LOADING]: Loading FMLModContainer from classloader cpw.mods.modlauncher.TransformingClassLoader@153cb763 - got cpw.mods.cl.ModuleClassLoader@1542af63
[242月2025 23:47:28.386] [main/DEBUG] [net.minecraftforge.fml.javafmlmod.FMLModContainer/LOADING]: Creating FMLModContainer instance for com.github.tartaricacid.touhoulittlemaid.TouhouLittleMaid
[242月2025 23:47:28.388] [main/DEBUG] [net.minecraftforge.fml.javafmlmod.FMLJavaModLanguageProvider/LOADING]: Loading FMLModContainer from classloader cpw.mods.modlauncher.TransformingClassLoader@153cb763 - got cpw.mods.cl.ModuleClassLoader@1542af63
[242月2025 23:47:28.389] [main/DEBUG] [net.minecraftforge.fml.javafmlmod.FMLModContainer/LOADING]: Creating FMLModContainer instance for twilightforest.TwilightForestMod
[242月2025 23:47:28.399] [main/DEBUG] [net.minecraftforge.fml.javafmlmod.FMLJavaModLanguageProvider/LOADING]: Loading FMLModContainer from classloader cpw.mods.modlauncher.TransformingClassLoader@153cb763 - got cpw.mods.cl.ModuleClassLoader@1542af63
[242月2025 23:47:28.400] [main/DEBUG] [net.minecraftforge.fml.javafmlmod.FMLModContainer/LOADING]: Creating FMLModContainer instance for fuzs.enchantinginfuser.EnchantingInfuserForge
[242月2025 23:47:28.403] [main/DEBUG] [net.minecraftforge.fml.javafmlmod.FMLJavaModLanguageProvider/LOADING]: Loading FMLModContainer from classloader cpw.mods.modlauncher.TransformingClassLoader@153cb763 - got cpw.mods.cl.ModuleClassLoader@1542af63
[242月2025 23:47:28.403] [main/DEBUG] [net.minecraftforge.fml.javafmlmod.FMLModContainer/LOADING]: Creating FMLModContainer instance for dev.shadowsoffire.placebo.Placebo
[242月2025 23:47:28.466] [modloading-worker-0/DEBUG] [net.minecraftforge.fml.javafmlmod.AutomaticEventSubscriber/LOADING]: Attempting to inject @EventBusSubscriber classes into the eventbus for puzzleslib
[242月2025 23:47:28.473] [modloading-worker-0/DEBUG] [Bookshelf/]: Loaded net.darkhax.bookshelf.impl.util.PlatformHelperForge@15c258e9 for service interface net.darkhax.bookshelf.api.util.IPlatformHelper.
[242月2025 23:47:28.485] [modloading-worker-0/DEBUG] [Bookshelf/]: Loaded net.darkhax.bookshelf.impl.event.EventHelperForge@62e46ae7 for service interface net.darkhax.bookshelf.api.event.IEventHelper.
[242月2025 23:47:28.486] [modloading-worker-0/DEBUG] [net.minecraftforge.fml.javafmlmod.AutomaticEventSubscriber/LOADING]: Auto-subscribing fuzs.puzzleslib.impl.client.PuzzlesLibForgeClient to MOD
[242月2025 23:47:28.511] [modloading-worker-0/DEBUG] [Bookshelf/]: Loaded net.darkhax.bookshelf.impl.registry.ContentLoaderForge@169144a6 for service interface net.darkhax.bookshelf.api.registry.IContentLoader.
[242月2025 23:47:28.517] [modloading-worker-0/DEBUG] [net.minecraftforge.fml.javafmlmod.AutomaticEventSubscriber/LOADING]: Auto-subscribing fuzs.puzzleslib.impl.PuzzlesLibForge to MOD
[242月2025 23:47:28.529] [modloading-worker-0/DEBUG] [Bookshelf/]: Loaded net.darkhax.bookshelf.impl.data.TagHelperForge@6df012e7 for service interface net.darkhax.bookshelf.api.data.ITagHelper.
[242月2025 23:47:28.536] [modloading-worker-0/DEBUG] [Bookshelf/]: Loaded net.darkhax.bookshelf.impl.util.InventoryHelperForge@5be7f19b for service interface net.darkhax.bookshelf.api.util.IInventoryHelper.
[242月2025 23:47:28.539] [modloading-worker-0/INFO] [Enchantment Descriptions/]: Loaded config file.
[242月2025 23:47:28.550] [modloading-worker-0/DEBUG] [net.minecraftforge.fml.config.ConfigTracker/CONFIG]: Config file jei-server.toml for jei tracking
[242月2025 23:47:28.552] [modloading-worker-0/DEBUG] [Bookshelf/]: Loaded net.darkhax.bookshelf.impl.util.ConstructHelperForge@1dabdaaf for service interface net.darkhax.bookshelf.api.util.IConstructHelper.
[242月2025 23:47:28.557] [modloading-worker-0/DEBUG] [net.minecraftforge.coremod.transformer.CoreModBaseTransformer/COREMOD]: Transforming rideTick with desc ()V
[242月2025 23:47:28.567] [modloading-worker-0/INFO] [Enchantment Descriptions/]: Saved config file.
[242月2025 23:47:28.597] [modloading-worker-0/DEBUG] [net.minecraftforge.fml.javafmlmod.AutomaticEventSubscriber/LOADING]: Attempting to inject @EventBusSubscriber classes into the eventbus for enchdesc
[242月2025 23:47:28.644] [modloading-worker-0/DEBUG] [mixin/]: Mixing client.GuiGraphicsAccessor from tslatentitystatus.mixins.json into net.minecraft.client.gui.GuiGraphics
[242月2025 23:47:28.672] [modloading-worker-0/DEBUG] [mixin/]: Mixing GameTypeMixin from attributeslib.mixins.json into net.minecraft.world.level.GameType
[242月2025 23:47:28.734] [modloading-worker-0/DEBUG] [mixin/]: Mixing ServerResourcesMixin from placebo.mixins.json into net.minecraft.server.ReloadableServerResources
[242月2025 23:47:28.769] [modloading-worker-0/DEBUG] [mixin/]: Mixing client.AbstractContainerScreenMixin from attributeslib.mixins.json into net.minecraft.client.gui.screens.inventory.AbstractContainerScreen
[242月2025 23:47:28.788] [modloading-worker-0/DEBUG] [mixin/]: Mixing client.AbstractContainerScreenMixin from apotheosis.mixins.json into net.minecraft.client.gui.screens.inventory.AbstractContainerScreen
[242月2025 23:47:28.803] [modloading-worker-0/INFO] [Puzzles Lib/]: Constructing common components for puzzleslib:main
[242月2025 23:47:28.819] [modloading-worker-0/DEBUG] [mixin/]: Mixing AttributeInstanceAccessor from attributeslib.mixins.json into net.minecraft.world.entity.ai.attributes.AttributeInstance
[242月2025 23:47:28.822] [modloading-worker-0/DEBUG] [net.minecraftforge.fml.config.ConfigTracker/CONFIG]: Config file tslatentitystatus-common.toml for tslatentitystatus tracking
[242月2025 23:47:28.831] [modloading-worker-0/DEBUG] [mixin/]: Mixing client.AnvilScreenMixin from apotheosis.mixins.json into net.minecraft.client.gui.screens.inventory.AnvilScreen
[242月2025 23:47:28.845] [modloading-worker-0/INFO] [Bookshelf/]: Fixing MC-151457. Crafting remainder for minecraft:pufferfish_bucket is now minecraft:bucket.
[242月2025 23:47:28.845] [modloading-worker-0/INFO] [Bookshelf/]: Fixing MC-151457. Crafting remainder for minecraft:salmon_bucket is now minecraft:bucket.
[242月2025 23:47:28.846] [modloading-worker-0/INFO] [Bookshelf/]: Fixing MC-151457. Crafting remainder for minecraft:cod_bucket is now minecraft:bucket.
[242月2025 23:47:28.846] [modloading-worker-0/INFO] [Bookshelf/]: Fixing MC-151457. Crafting remainder for minecraft:tropical_fish_bucket is now minecraft:bucket.
[242月2025 23:47:28.846] [modloading-worker-0/INFO] [Bookshelf/]: Fixing MC-151457. Crafting remainder for minecraft:axolotl_bucket is now minecraft:bucket.
[242月2025 23:47:28.846] [modloading-worker-0/INFO] [Bookshelf/]: Fixing MC-151457. Crafting remainder for minecraft:powder_snow_bucket is now minecraft:bucket.
[242月2025 23:47:28.846] [modloading-worker-0/INFO] [Bookshelf/]: Fixing MC-151457. Crafting remainder for minecraft:tadpole_bucket is now minecraft:bucket.
[242月2025 23:47:28.850] [modloading-worker-0/DEBUG] [mezz.jei.common.platform.Services/]: Loaded mezz.jei.forge.platform.PlatformHelper@4362b576 for service interface mezz.jei.common.platform.IPlatformHelper
[242月2025 23:47:28.871] [modloading-worker-0/DEBUG] [net.minecraftforge.fml.javafmlmod.AutomaticEventSubscriber/LOADING]: Attempting to inject @EventBusSubscriber classes into the eventbus for tslatentitystatus
[242月2025 23:47:28.875] [modloading-worker-0/DEBUG] [net.minecraftforge.fml.javafmlmod.AutomaticEventSubscriber/LOADING]: Attempting to inject @EventBusSubscriber classes into the eventbus for bookshelf
[242月2025 23:47:28.878] [modloading-worker-0/DEBUG] [net.minecraftforge.fml.javafmlmod.AutomaticEventSubscriber/LOADING]: Auto-subscribing net.darkhax.bookshelf.impl.gametest.BookshelfForgeGameTests to MOD
[242月2025 23:47:28.879] [modloading-worker-0/DEBUG] [mixin/]: Mixing client.LivingEntityRendererMixin from touhou_little_maid.mixins.json into net.minecraft.client.renderer.entity.LivingEntityRenderer
[242月2025 23:47:28.916] [modloading-worker-0/DEBUG] [net.minecraftforge.fml.javafmlmod.AutomaticEventSubscriber/LOADING]: Attempting to inject @EventBusSubscriber classes into the eventbus for puzzlesaccessapi
[242月2025 23:47:28.928] [modloading-worker-0/DEBUG] [mixin/]: Mixing client.EntityRendererMixin from tslatentitystatus.mixins.json into net.minecraft.client.renderer.entity.EntityRenderer
[242月2025 23:47:28.969] [modloading-worker-0/DEBUG] [net.minecraftforge.coremod.transformer.CoreModBaseTransformer/COREMOD]: Transforming renderEffects with desc (Lnet/minecraft/client/gui/GuiGraphics;II)V
[242月2025 23:47:28.987] [modloading-worker-0/INFO] [net.minecraftforge.coremod.CoreMod.attributeslib/COREMODLOG]: Patching EffectRenderingInventoryScreen#renderEffects
[242月2025 23:47:29.016] [modloading-worker-0/DEBUG] [net.minecraftforge.fml.ModLoadingContext/]: Attempted to register an empty config for type COMMON on mod ultimate_enchantment
[242月2025 23:47:29.017] [modloading-worker-0/DEBUG] [net.minecraftforge.fml.javafmlmod.AutomaticEventSubscriber/LOADING]: Attempting to inject @EventBusSubscriber classes into the eventbus for ultimate_enchantment
[242月2025 23:47:29.017] [modloading-worker-0/DEBUG] [net.minecraftforge.fml.javafmlmod.AutomaticEventSubscriber/LOADING]: Auto-subscribing com.chen1335.ultimateEnchantment.client.ClientEventHandler$GameHandler to FORGE
[242月2025 23:47:29.032] [modloading-worker-0/DEBUG] [net.minecraftforge.fml.javafmlmod.AutomaticEventSubscriber/LOADING]: Auto-subscribing com.chen1335.ultimateEnchantment.common.EventHandler$GameHandler to FORGE
[242月2025 23:47:29.035] [modloading-worker-0/DEBUG] [mixin/]: Mixing client.MinecraftMixin from tslatentitystatus.mixins.json into net.minecraft.client.Minecraft
[242月2025 23:47:29.073] [modloading-worker-0/DEBUG] [mixin/]: Mixing accessors.client.AccessorMinecraft from bookshelf.common.mixins.json into net.minecraft.client.Minecraft
[242月2025 23:47:29.171] [modloading-worker-0/DEBUG] [mixin/]: Mixing client.accessor.ModelBakeryAccessor from puzzleslib.forge.mixins.json into net.minecraft.client.resources.model.ModelBakery
[242月2025 23:47:29.174] [modloading-worker-0/DEBUG] [mixin/]: Renaming @Accessor method puzzleslib$getItemModelGenerator()Lnet/minecraft/client/renderer/block/model/ItemModelGenerator; to puzzleslib$getItemModelGenerator_$md$2f9d17$0 in puzzleslib.forge.mixins.json:client.accessor.ModelBakeryAccessor
[242月2025 23:47:29.236] [modloading-worker-0/DEBUG] [net.minecraftforge.fml.javafmlmod.AutomaticEventSubscriber/LOADING]: Auto-subscribing com.chen1335.ultimateEnchantment.common.EventHandler$ModHandler to MOD
[242月2025 23:47:29.242] [modloading-worker-0/DEBUG] [net.minecraftforge.fml.javafmlmod.AutomaticEventSubscriber/LOADING]: Auto-subscribing com.chen1335.ultimateEnchantment.Config to MOD
[242月2025 23:47:29.285] [modloading-worker-0/DEBUG] [net.minecraftforge.fml.javafmlmod.AutomaticEventSubscriber/LOADING]: Attempting to inject @EventBusSubscriber classes into the eventbus for attributeslib
[242月2025 23:47:29.318] [modloading-worker-0/DEBUG] [mixin/]: Mixing GuiMixin from ultimate_enchantment.mixins.json into net.minecraft.client.gui.Gui
[242月2025 23:47:29.324] [modloading-worker-0/DEBUG] [mixin/]: Mixing client.GuiMixin from apotheosis.mixins.json into net.minecraft.client.gui.Gui
[242月2025 23:47:29.331] [modloading-worker-0/DEBUG] [net.minecraftforge.fml.config.ConfigTracker/CONFIG]: Config file cyclopscore-common.toml for cyclopscore tracking
[242月2025 23:47:29.332] [modloading-worker-0/DEBUG] [net.minecraftforge.fml.ModLoadingContext/]: Attempted to register an empty config for type CLIENT on mod cyclopscore
[242月2025 23:47:29.346] [modloading-worker-0/INFO] [mixin/]: BeforeConstant is searching for constants in method with descriptor (Lnet/minecraft/network/chat/Component;Z)V
[242月2025 23:47:29.347] [modloading-worker-0/INFO] [mixin/]:   BeforeConstant found INTEGER constant: value = 0, intValue = null
[242月2025 23:47:29.348] [modloading-worker-0/INFO] [mixin/]:     BeforeConstant found a matching constant TYPE at ordinal 0
[242月2025 23:47:29.348] [modloading-worker-0/INFO] [mixin/]:       BeforeConstant found Insn [ICONST_0] 
[242月2025 23:47:29.348] [modloading-worker-0/INFO] [mixin/]:   BeforeConstant found INTEGER constant: value = 60, intValue = null
[242月2025 23:47:29.349] [modloading-worker-0/INFO] [mixin/]:     BeforeConstant found a matching constant TYPE at ordinal 1
[242月2025 23:47:29.349] [modloading-worker-0/INFO] [mixin/]:       BeforeConstant found IntInsn 60
[242月2025 23:47:29.365] [modloading-worker-0/DEBUG] [net.minecraftforge.fml.config.ConfigTracker/CONFIG]: Config file everlastingabilities-common.toml for everlastingabilities tracking
[242月2025 23:47:29.365] [modloading-worker-0/DEBUG] [net.minecraftforge.fml.ModLoadingContext/]: Attempted to register an empty config for type CLIENT on mod everlastingabilities
[242月2025 23:47:29.365] [modloading-worker-0/DEBUG] [net.minecraftforge.fml.ModLoadingContext/]: Attempted to register an empty config for type SERVER on mod everlastingabilities
[242月2025 23:47:29.368] [modloading-worker-0/DEBUG] [net.minecraftforge.versions.forge.ForgeVersion/CORE]: Forge Version package package net.minecraftforge.versions.forge, Forge, version 47.3 from cpw.mods.modlauncher.TransformingClassLoader@153cb763
[242月2025 23:47:29.369] [modloading-worker-0/DEBUG] [net.minecraftforge.versions.forge.ForgeVersion/CORE]: Found Forge version 47.3.0
[242月2025 23:47:29.369] [modloading-worker-0/DEBUG] [net.minecraftforge.versions.forge.ForgeVersion/CORE]: Found Forge spec 47.3
[242月2025 23:47:29.369] [modloading-worker-0/DEBUG] [net.minecraftforge.versions.forge.ForgeVersion/CORE]: Found Forge group net.minecraftforge
[242月2025 23:47:29.375] [modloading-worker-0/DEBUG] [net.minecraftforge.versions.mcp.MCPVersion/CORE]: MCP Version package package net.minecraftforge.versions.mcp, Minecraft, version 1.20.1 from cpw.mods.modlauncher.TransformingClassLoader@153cb763
[242月2025 23:47:29.377] [modloading-worker-0/DEBUG] [net.minecraftforge.versions.mcp.MCPVersion/CORE]: Found MC version information 1.20.1
[242月2025 23:47:29.377] [modloading-worker-0/DEBUG] [net.minecraftforge.versions.mcp.MCPVersion/CORE]: Found MCP version information 20230612.114412
[242月2025 23:47:29.377] [modloading-worker-0/INFO] [net.minecraftforge.common.ForgeMod/FORGEMOD]: Forge mod loading, version 47.3.0, for MC 1.20.1 with MCP 20230612.114412
[242月2025 23:47:29.381] [modloading-worker-0/INFO] [net.minecraftforge.common.MinecraftForge/FORGE]: MinecraftForge v47.3.0 Initialized
[242月2025 23:47:29.386] [modloading-worker-0/DEBUG] [net.minecraftforge.fml.javafmlmod.AutomaticEventSubscriber/LOADING]: Attempting to inject @EventBusSubscriber classes into the eventbus for everlastingabilities
[242月2025 23:47:29.387] [modloading-worker-0/DEBUG] [net.minecraftforge.fml.javafmlmod.AutomaticEventSubscriber/LOADING]: Auto-subscribing org.cyclops.everlastingabilities.api.AbilityTypes to MOD
[242月2025 23:47:29.395] [modloading-worker-0/DEBUG] [mixin/]: Mixing accessors.world.AccessorRecipeManager from bookshelf.common.mixins.json into net.minecraft.world.item.crafting.RecipeManager
[242月2025 23:47:29.395] [modloading-worker-0/DEBUG] [net.minecraftforge.fml.javafmlmod.AutomaticEventSubscriber/LOADING]: Auto-subscribing org.cyclops.everlastingabilities.api.AbilityTypeSerializers to MOD
[242月2025 23:47:29.430] [modloading-worker-0/DEBUG] [mixin/]: Mixing patches.packs.resources.MixinSimpleJsonResourceReloadListener from bookshelf.common.mixins.json into net.minecraft.server.packs.resources.SimpleJsonResourceReloadListener
[242月2025 23:47:29.433] [modloading-worker-0/DEBUG] [mixin/]: Renaming synthetic method lambda$prepare$0(Ljava/util/Map$Entry;)Z to md2f9d17$lambda$prepare$0$0 in bookshelf.common.mixins.json:patches.packs.resources.MixinSimpleJsonResourceReloadListener
[242月2025 23:47:29.487] [modloading-worker-0/DEBUG] [net.minecraftforge.fml.javafmlmod.AutomaticEventSubscriber/LOADING]: Attempting to inject @EventBusSubscriber classes into the eventbus for cyclopscore
[242月2025 23:47:29.488] [modloading-worker-0/DEBUG] [net.minecraftforge.fml.javafmlmod.AutomaticEventSubscriber/LOADING]: Auto-subscribing org.cyclops.cyclopscore.client.gui.GuiMainMenuExtensionDevWorld to FORGE
[242月2025 23:47:29.514] [modloading-worker-0/DEBUG] [net.minecraftforge.fml.javafmlmod.AutomaticEventSubscriber/LOADING]: Attempting to inject @EventBusSubscriber classes into the eventbus for enchantinginfuser
[242月2025 23:47:29.515] [modloading-worker-0/DEBUG] [net.minecraftforge.fml.javafmlmod.AutomaticEventSubscriber/LOADING]: Auto-subscribing fuzs.enchantinginfuser.client.EnchantingInfuserForgeClient to MOD
[242月2025 23:47:29.532] [modloading-worker-0/DEBUG] [net.minecraftforge.fml.javafmlmod.AutomaticEventSubscriber/LOADING]: Auto-subscribing fuzs.enchantinginfuser.EnchantingInfuserForge to MOD
[242月2025 23:47:29.586] [modloading-worker-0/INFO] [Puzzles Lib/]: Constructing client components for puzzleslib:main
[242月2025 23:47:29.614] [modloading-worker-0/DEBUG] [net.minecraftforge.fml.config.ConfigTracker/CONFIG]: Config file twilightforest-common.toml for twilightforest tracking
[242月2025 23:47:29.632] [modloading-worker-0/DEBUG] [net.minecraftforge.fml.config.ConfigTracker/CONFIG]: Config file twilightforest-client.toml for twilightforest tracking
[242月2025 23:47:29.697] [modloading-worker-0/DEBUG] [mixin/]: Mixing client.HumanoidModelMixin from touhou_little_maid.mixins.json into net.minecraft.client.model.HumanoidModel
[242月2025 23:47:29.699] [modloading-worker-0/DEBUG] [io.netty.util.internal.PlatformDependent0/]: -Dio.netty.noUnsafe: false
[242月2025 23:47:29.700] [modloading-worker-0/DEBUG] [io.netty.util.internal.PlatformDependent0/]: Java version: 17
[242月2025 23:47:29.702] [modloading-worker-0/DEBUG] [io.netty.util.internal.PlatformDependent0/]: sun.misc.Unsafe.theUnsafe: available
[242月2025 23:47:29.707] [modloading-worker-0/DEBUG] [io.netty.util.internal.PlatformDependent0/]: sun.misc.Unsafe.copyMemory: available
[242月2025 23:47:29.712] [modloading-worker-0/DEBUG] [io.netty.util.internal.PlatformDependent0/]: sun.misc.Unsafe.storeFence: available
[242月2025 23:47:29.713] [modloading-worker-0/DEBUG] [io.netty.util.internal.PlatformDependent0/]: java.nio.Buffer.address: available
[242月2025 23:47:29.729] [modloading-worker-0/DEBUG] [mixin/]: Mixing client.ModelManagerForgeMixin from puzzleslib.forge.mixins.json into net.minecraft.client.resources.model.ModelManager
[242月2025 23:47:29.714] [modloading-worker-0/DEBUG] [io.netty.util.internal.PlatformDependent0/]: direct buffer constructor: unavailable
java.lang.UnsupportedOperationException: Reflective setAccessible(true) disabled
	at io.netty.util.internal.ReflectionUtil.trySetAccessible(ReflectionUtil.java:31) ~[netty-common-4.1.82.Final.jar%23151!/:4.1.82.Final]
	at io.netty.util.internal.PlatformDependent0$5.run(PlatformDependent0.java:288) ~[netty-common-4.1.82.Final.jar%23151!/:4.1.82.Final]
	at java.security.AccessController.doPrivileged(AccessController.java:318) ~[?:?]
	at io.netty.util.internal.PlatformDependent0.<clinit>(PlatformDependent0.java:282) ~[netty-common-4.1.82.Final.jar%23151!/:4.1.82.Final]
	at io.netty.util.internal.PlatformDependent.isAndroid(PlatformDependent.java:333) ~[netty-common-4.1.82.Final.jar%23151!/:4.1.82.Final]
	at io.netty.util.internal.PlatformDependent.<clinit>(PlatformDependent.java:88) ~[netty-common-4.1.82.Final.jar%23151!/:4.1.82.Final]
	at io.netty.util.ConstantPool.<init>(ConstantPool.java:34) ~[netty-common-4.1.82.Final.jar%23151!/:4.1.82.Final]
	at io.netty.util.AttributeKey$1.<init>(AttributeKey.java:27) ~[netty-common-4.1.82.Final.jar%23151!/:4.1.82.Final]
	at io.netty.util.AttributeKey.<clinit>(AttributeKey.java:27) ~[netty-common-4.1.82.Final.jar%23151!/:4.1.82.Final]
	at net.minecraftforge.network.NetworkConstants.<clinit>(NetworkConstants.java:34) ~[forge-1.20.1-47.3.0_mapped_parchment_2023.06.26-1.20.1-recomp.jar%23190%23197!/:?]
	at net.minecraftforge.common.ForgeMod.<init>(ForgeMod.java:429) ~[forge-1.20.1-47.3.0_mapped_parchment_2023.06.26-1.20.1-recomp.jar%23190%23197!/:?]
	at jdk.internal.reflect.NativeConstructorAccessorImpl.newInstance0(Native Method) ~[?:?]
	at jdk.internal.reflect.NativeConstructorAccessorImpl.newInstance(NativeConstructorAccessorImpl.java:77) ~[?:?]
	at jdk.internal.reflect.DelegatingConstructorAccessorImpl.newInstance(DelegatingConstructorAccessorImpl.java:45) ~[?:?]
	at java.lang.reflect.Constructor.newInstanceWithCaller(Constructor.java:500) ~[?:?]
	at java.lang.reflect.Constructor.newInstance(Constructor.java:481) ~[?:?]
	at net.minecraftforge.fml.javafmlmod.FMLModContainer.constructMod(FMLModContainer.java:70) ~[javafmllanguage-1.20.1-47.3.0.jar%23192!/:?]
	at net.minecraftforge.fml.ModContainer.lambda$buildTransitionHandler$4(ModContainer.java:124) ~[fmlcore-1.20.1-47.3.0.jar%23195!/:?]
	at java.util.concurrent.CompletableFuture$AsyncRun.run$$$capture(CompletableFuture.java:1804) ~[?:?]
	at java.util.concurrent.CompletableFuture$AsyncRun.run(CompletableFuture.java) ~[?:?]
	at java.util.concurrent.CompletableFuture$AsyncRun.exec(CompletableFuture.java:1796) ~[?:?]
	at java.util.concurrent.ForkJoinTask.doExec$$$capture(ForkJoinTask.java:373) ~[?:?]
	at java.util.concurrent.ForkJoinTask.doExec(ForkJoinTask.java) ~[?:?]
	at java.util.concurrent.ForkJoinPool$WorkQueue.topLevelExec(ForkJoinPool.java:1182) ~[?:?]
	at java.util.concurrent.ForkJoinPool.scan(ForkJoinPool.java:1655) ~[?:?]
	at java.util.concurrent.ForkJoinPool.runWorker(ForkJoinPool.java:1622) ~[?:?]
	at java.util.concurrent.ForkJoinWorkerThread.run(ForkJoinWorkerThread.java:165) ~[?:?]
[242月2025 23:47:29.760] [modloading-worker-0/DEBUG] [io.netty.util.internal.PlatformDependent0/]: java.nio.Bits.unaligned: available, true
[242月2025 23:47:29.765] [modloading-worker-0/DEBUG] [io.netty.util.internal.PlatformDependent0/]: jdk.internal.misc.Unsafe.allocateUninitializedArray(int): unavailable
java.lang.IllegalAccessException: class io.netty.util.internal.PlatformDependent0$7 (in module io.netty.common) cannot access class jdk.internal.misc.Unsafe (in module java.base) because module java.base does not export jdk.internal.misc to module io.netty.common
	at jdk.internal.reflect.Reflection.newIllegalAccessException(Reflection.java:392) ~[?:?]
	at java.lang.reflect.AccessibleObject.checkAccess(AccessibleObject.java:674) ~[?:?]
	at java.lang.reflect.Method.invoke(Method.java:561) ~[?:?]
	at io.netty.util.internal.PlatformDependent0$7.run(PlatformDependent0.java:410) ~[netty-common-4.1.82.Final.jar%23151!/:4.1.82.Final]
	at java.security.AccessController.doPrivileged(AccessController.java:318) ~[?:?]
	at io.netty.util.internal.PlatformDependent0.<clinit>(PlatformDependent0.java:401) ~[netty-common-4.1.82.Final.jar%23151!/:4.1.82.Final]
	at io.netty.util.internal.PlatformDependent.isAndroid(PlatformDependent.java:333) ~[netty-common-4.1.82.Final.jar%23151!/:4.1.82.Final]
	at io.netty.util.internal.PlatformDependent.<clinit>(PlatformDependent.java:88) ~[netty-common-4.1.82.Final.jar%23151!/:4.1.82.Final]
	at io.netty.util.ConstantPool.<init>(ConstantPool.java:34) ~[netty-common-4.1.82.Final.jar%23151!/:4.1.82.Final]
	at io.netty.util.AttributeKey$1.<init>(AttributeKey.java:27) ~[netty-common-4.1.82.Final.jar%23151!/:4.1.82.Final]
	at io.netty.util.AttributeKey.<clinit>(AttributeKey.java:27) ~[netty-common-4.1.82.Final.jar%23151!/:4.1.82.Final]
	at net.minecraftforge.network.NetworkConstants.<clinit>(NetworkConstants.java:34) ~[forge-1.20.1-47.3.0_mapped_parchment_2023.06.26-1.20.1-recomp.jar%23190%23197!/:?]
	at net.minecraftforge.common.ForgeMod.<init>(ForgeMod.java:429) ~[forge-1.20.1-47.3.0_mapped_parchment_2023.06.26-1.20.1-recomp.jar%23190%23197!/:?]
	at jdk.internal.reflect.NativeConstructorAccessorImpl.newInstance0(Native Method) ~[?:?]
	at jdk.internal.reflect.NativeConstructorAccessorImpl.newInstance(NativeConstructorAccessorImpl.java:77) ~[?:?]
	at jdk.internal.reflect.DelegatingConstructorAccessorImpl.newInstance(DelegatingConstructorAccessorImpl.java:45) ~[?:?]
	at java.lang.reflect.Constructor.newInstanceWithCaller(Constructor.java:500) ~[?:?]
	at java.lang.reflect.Constructor.newInstance(Constructor.java:481) ~[?:?]
	at net.minecraftforge.fml.javafmlmod.FMLModContainer.constructMod(FMLModContainer.java:70) ~[javafmllanguage-1.20.1-47.3.0.jar%23192!/:?]
	at net.minecraftforge.fml.ModContainer.lambda$buildTransitionHandler$4(ModContainer.java:124) ~[fmlcore-1.20.1-47.3.0.jar%23195!/:?]
	at java.util.concurrent.CompletableFuture$AsyncRun.run$$$capture(CompletableFuture.java:1804) ~[?:?]
	at java.util.concurrent.CompletableFuture$AsyncRun.run(CompletableFuture.java) ~[?:?]
	at java.util.concurrent.CompletableFuture$AsyncRun.exec(CompletableFuture.java:1796) ~[?:?]
	at java.util.concurrent.ForkJoinTask.doExec$$$capture(ForkJoinTask.java:373) ~[?:?]
	at java.util.concurrent.ForkJoinTask.doExec(ForkJoinTask.java) ~[?:?]
	at java.util.concurrent.ForkJoinPool$WorkQueue.topLevelExec(ForkJoinPool.java:1182) ~[?:?]
	at java.util.concurrent.ForkJoinPool.scan(ForkJoinPool.java:1655) ~[?:?]
	at java.util.concurrent.ForkJoinPool.runWorker(ForkJoinPool.java:1622) ~[?:?]
	at java.util.concurrent.ForkJoinWorkerThread.run(ForkJoinWorkerThread.java:165) ~[?:?]
[242月2025 23:47:29.781] [modloading-worker-0/DEBUG] [io.netty.util.internal.PlatformDependent0/]: java.nio.DirectByteBuffer.<init>(long, int): unavailable
[242月2025 23:47:29.782] [modloading-worker-0/DEBUG] [io.netty.util.internal.PlatformDependent/]: sun.misc.Unsafe: available
[242月2025 23:47:29.792] [modloading-worker-0/DEBUG] [io.netty.util.internal.PlatformDependent/]: maxDirectMemory: 2116026368 bytes (maybe)
[242月2025 23:47:29.793] [modloading-worker-0/DEBUG] [io.netty.util.internal.PlatformDependent/]: -Dio.netty.tmpdir: C:\Users\lenovo\AppData\Local\Temp (java.io.tmpdir)
[242月2025 23:47:29.794] [modloading-worker-0/DEBUG] [io.netty.util.internal.PlatformDependent/]: -Dio.netty.bitMode: 64 (sun.arch.data.model)
[242月2025 23:47:29.796] [modloading-worker-0/DEBUG] [io.netty.util.internal.PlatformDependent/]: Platform: Windows
[242月2025 23:47:29.806] [modloading-worker-0/INFO] [Puzzles Lib/]: Constructing common components for enchantinginfuser:main
[242月2025 23:47:29.816] [modloading-worker-0/DEBUG] [io.netty.util.internal.PlatformDependent/]: -Dio.netty.maxDirectMemory: -1 bytes
[242月2025 23:47:29.816] [modloading-worker-0/DEBUG] [io.netty.util.internal.PlatformDependent/]: -Dio.netty.uninitializedArrayAllocationThreshold: -1
[242月2025 23:47:29.827] [modloading-worker-0/DEBUG] [io.netty.util.internal.CleanerJava9/]: java.nio.ByteBuffer.cleaner(): available
[242月2025 23:47:29.828] [modloading-worker-0/DEBUG] [io.netty.util.internal.PlatformDependent/]: -Dio.netty.noPreferDirect: false
[242月2025 23:47:29.878] [modloading-worker-0/DEBUG] [mixin/]: Mixing client.accessor.BlockColorsForgeAccessor from puzzleslib.forge.mixins.json into net.minecraft.client.color.block.BlockColors
[242月2025 23:47:29.913] [modloading-worker-0/DEBUG] [mixin/]: Mixing client.accessor.ItemColorsForgeAccessor from puzzleslib.forge.mixins.json into net.minecraft.client.color.item.ItemColors
[242月2025 23:47:29.925] [modloading-worker-0/DEBUG] [net.minecraftforge.fml.config.ConfigTracker/CONFIG]: Config file enchantinginfuser-server.toml for enchantinginfuser tracking
[242月2025 23:47:29.935] [modloading-worker-0/DEBUG] [net.minecraftforge.fml.config.ConfigTracker/CONFIG]: Config file slashblade-common.toml for slashblade tracking
[242月2025 23:47:29.936] [modloading-worker-0/DEBUG] [net.minecraftforge.fml.javafmlmod.AutomaticEventSubscriber/LOADING]: Attempting to inject @EventBusSubscriber classes into the eventbus for slashblade
[242月2025 23:47:29.936] [modloading-worker-0/DEBUG] [net.minecraftforge.fml.javafmlmod.AutomaticEventSubscriber/LOADING]: Auto-subscribing mods.flammpfeil.slashblade.registry.specialeffects.WitherEdge to FORGE
[242月2025 23:47:29.935] [modloading-worker-0/DEBUG] [mezz.jei.common.config.file.ConfigSerializer/]: Loading config file: E:\moddig\project\UltimateEnchantment\UltimateEnchantment-forge-1.20.1\run-data\config\jei\jei-debug.ini
[242月2025 23:47:29.956] [modloading-worker-0/DEBUG] [mezz.jei.common.config.file.ConfigSerializer/]: Saving config file: E:\moddig\project\UltimateEnchantment\UltimateEnchantment-forge-1.20.1\run-data\config\jei\jei-debug.ini
[242月2025 23:47:29.975] [modloading-worker-0/DEBUG] [net.minecraftforge.fml.javafmlmod.AutomaticEventSubscriber/LOADING]: Auto-subscribing mods.flammpfeil.slashblade.event.drop.EntityDropEvent to FORGE
[242月2025 23:47:29.977] [modloading-worker-0/INFO] [Puzzles Lib/]: Constructing client components for enchantinginfuser:main
[242月2025 23:47:29.981] [modloading-worker-0/DEBUG] [net.minecraftforge.fml.javafmlmod.AutomaticEventSubscriber/LOADING]: Auto-subscribing mods.flammpfeil.slashblade.event.bladestand.BlandStandEventHandler to FORGE
[242月2025 23:47:29.996] [modloading-worker-0/DEBUG] [mezz.jei.common.config.file.ConfigSerializer/]: Loading config file: E:\moddig\project\UltimateEnchantment\UltimateEnchantment-forge-1.20.1\run-data\config\jei\jei-mod-id-format.ini
[242月2025 23:47:29.998] [modloading-worker-0/DEBUG] [net.minecraftforge.fml.javafmlmod.AutomaticEventSubscriber/LOADING]: Attempting to inject @EventBusSubscriber classes into the eventbus for placebo
[242月2025 23:47:29.999] [modloading-worker-0/DEBUG] [net.minecraftforge.fml.javafmlmod.AutomaticEventSubscriber/LOADING]: Auto-subscribing dev.shadowsoffire.placebo.util.PlaceboTaskQueue to FORGE
[242月2025 23:47:29.999] [modloading-worker-0/DEBUG] [mezz.jei.common.config.file.ConfigSerializer/]: Saving config file: E:\moddig\project\UltimateEnchantment\UltimateEnchantment-forge-1.20.1\run-data\config\jei\jei-mod-id-format.ini
[242月2025 23:47:30.013] [modloading-worker-0/DEBUG] [net.minecraftforge.fml.javafmlmod.AutomaticEventSubscriber/LOADING]: Auto-subscribing mods.flammpfeil.slashblade.event.SlashBladeEventHandler to FORGE
[242月2025 23:47:30.015] [modloading-worker-0/DEBUG] [net.minecraftforge.fml.javafmlmod.AutomaticEventSubscriber/LOADING]: Auto-subscribing mods.flammpfeil.slashblade.event.RegistryHandler to MOD
[242月2025 23:47:30.018] [modloading-worker-0/DEBUG] [net.minecraftforge.fml.javafmlmod.AutomaticEventSubscriber/LOADING]: Auto-subscribing dev.shadowsoffire.placebo.patreon.PatreonPreview to FORGE
[242月2025 23:47:30.022] [modloading-worker-0/DEBUG] [net.minecraftforge.fml.javafmlmod.AutomaticEventSubscriber/LOADING]: Auto-subscribing mods.flammpfeil.slashblade.event.MoveInputHandler to FORGE
[242月2025 23:47:30.031] [modloading-worker-0/DEBUG] [mezz.jei.common.config.file.ConfigSerializer/]: Loading config file: E:\moddig\project\UltimateEnchantment\UltimateEnchantment-forge-1.20.1\run-data\config\jei\jei-colors.ini
[242月2025 23:47:30.031] [modloading-worker-0/DEBUG] [net.minecraftforge.fml.javafmlmod.AutomaticEventSubscriber/LOADING]: Auto-subscribing mods.flammpfeil.slashblade.event.EntitySpawnEventHandler to FORGE
[242月2025 23:47:30.031] [modloading-worker-0/DEBUG] [net.minecraftforge.fml.javafmlmod.AutomaticEventSubscriber/LOADING]: Auto-subscribing dev.shadowsoffire.placebo.PlaceboClient to MOD
[242月2025 23:47:30.039] [modloading-worker-0/DEBUG] [mezz.jei.common.config.file.ConfigSerializer/]: Saving config file: E:\moddig\project\UltimateEnchantment\UltimateEnchantment-forge-1.20.1\run-data\config\jei\jei-colors.ini
[242月2025 23:47:30.046] [modloading-worker-0/DEBUG] [net.minecraftforge.fml.javafmlmod.AutomaticEventSubscriber/LOADING]: Attempting to inject @EventBusSubscriber classes into the eventbus for apotheosis
[242月2025 23:47:30.046] [modloading-worker-0/DEBUG] [net.minecraftforge.fml.javafmlmod.AutomaticEventSubscriber/LOADING]: Auto-subscribing dev.shadowsoffire.apotheosis.village.wanderer.WandererReplacements to MOD
[242月2025 23:47:30.048] [modloading-worker-0/DEBUG] [net.minecraftforge.fml.javafmlmod.AutomaticEventSubscriber/LOADING]: Auto-subscribing mods.flammpfeil.slashblade.data.DataGen to MOD
[242月2025 23:47:30.051] [modloading-worker-0/DEBUG] [net.minecraftforge.fml.javafmlmod.AutomaticEventSubscriber/LOADING]: Auto-subscribing mods.flammpfeil.slashblade.client.ClientHandler to MOD
[242月2025 23:47:30.081] [modloading-worker-0/DEBUG] [net.minecraftforge.fml.javafmlmod.AutomaticEventSubscriber/LOADING]: Auto-subscribing mods.flammpfeil.slashblade.SlashBlade$RegistryEvents to MOD
[242月2025 23:47:30.113] [modloading-worker-0/DEBUG] [net.minecraftforge.fml.javafmlmod.AutomaticEventSubscriber/LOADING]: Auto-subscribing dev.shadowsoffire.apotheosis.adventure.loot.ShieldBreakerTest to FORGE
[242月2025 23:47:30.119] [modloading-worker-0/DEBUG] [net.minecraftforge.fml.javafmlmod.AutomaticEventSubscriber/LOADING]: Auto-subscribing dev.shadowsoffire.apotheosis.adventure.client.AdventureModuleClient$ModBusSub to MOD
[242月2025 23:47:30.142] [modloading-worker-0/DEBUG] [mezz.jei.common.config.file.ConfigSerializer/]: Loading config file: E:\moddig\project\UltimateEnchantment\UltimateEnchantment-forge-1.20.1\run-data\config\jei\jei-client.ini
[242月2025 23:47:30.147] [modloading-worker-0/DEBUG] [mezz.jei.common.config.file.ConfigSerializer/]: Saving config file: E:\moddig\project\UltimateEnchantment\UltimateEnchantment-forge-1.20.1\run-data\config\jei\jei-client.ini
[242月2025 23:47:30.150] [modloading-worker-0/DEBUG] [net.minecraftforge.common.ForgeMod/FORGEMOD]: Loading Network data for FML net version: FML3
[242月2025 23:47:30.175] [modloading-worker-0/INFO] [mezz.jei.library.load.PluginCaller/]: Sending ConfigManager...
[242月2025 23:47:30.195] [modloading-worker-0/DEBUG] [mezz.jei.library.load.PluginCallerTimerRunnable/]: Sending ConfigManager: jei:minecraft...
[242月2025 23:47:30.195] [modloading-worker-0/DEBUG] [mezz.jei.library.load.PluginCallerTimerRunnable/]: Sending ConfigManager: apotheosis:village_module...
[242月2025 23:47:30.195] [modloading-worker-0/DEBUG] [mezz.jei.library.load.PluginCallerTimerRunnable/]: Sending ConfigManager: apotheosis:spawner...
[242月2025 23:47:30.196] [modloading-worker-0/DEBUG] [mezz.jei.library.load.PluginCallerTimerRunnable/]: Sending ConfigManager: apotheosis:potion...
[242月2025 23:47:30.196] [modloading-worker-0/DEBUG] [mezz.jei.library.load.PluginCallerTimerRunnable/]: Sending ConfigManager: apotheosis:garden...
[242月2025 23:47:30.196] [modloading-worker-0/DEBUG] [mezz.jei.library.load.PluginCallerTimerRunnable/]: Sending ConfigManager: apotheosis:enchantment...
[242月2025 23:47:30.196] [modloading-worker-0/DEBUG] [mezz.jei.library.load.PluginCallerTimerRunnable/]: Sending ConfigManager: apotheosis:adventure_module...
[242月2025 23:47:30.196] [modloading-worker-0/DEBUG] [mezz.jei.library.load.PluginCallerTimerRunnable/]: Sending ConfigManager: jei:debug...
[242月2025 23:47:30.196] [modloading-worker-0/DEBUG] [mezz.jei.library.load.PluginCallerTimerRunnable/]: Sending ConfigManager: jei:gui...
[242月2025 23:47:30.196] [modloading-worker-0/DEBUG] [mezz.jei.library.load.PluginCallerTimerRunnable/]: Sending ConfigManager: jei:forge_gui...
[242月2025 23:47:30.196] [modloading-worker-0/DEBUG] [mezz.jei.library.load.PluginCallerTimerRunnable/]: Sending ConfigManager: slashblade:slashblade...
[242月2025 23:47:30.197] [modloading-worker-0/DEBUG] [mezz.jei.library.load.PluginCallerTimerRunnable/]: Sending ConfigManager: touhou_little_maid:jei...
[242月2025 23:47:30.197] [modloading-worker-0/DEBUG] [mezz.jei.library.load.PluginCallerTimerRunnable/]: Sending ConfigManager: twilightforest:jei_plugin...
[242月2025 23:47:30.197] [modloading-worker-0/DEBUG] [mezz.jei.library.load.PluginCallerTimerRunnable/]: Sending ConfigManager: jei:internal...
[242月2025 23:47:30.200] [modloading-worker-0/INFO] [mezz.jei.library.load.PluginCaller/]: Sending ConfigManager took 17.96 ms
[242月2025 23:47:30.233] [modloading-worker-0/DEBUG] [mixin/]: Mixing EntityMaidMixin from ultimate_enchantment_touhou_little_maid.mixins.json into com.github.tartaricacid.touhoulittlemaid.entity.passive.EntityMaid
[242月2025 23:47:30.266] [modloading-worker-0/DEBUG] [net.minecraftforge.fml.javafmlmod.AutomaticEventSubscriber/LOADING]: Attempting to inject @EventBusSubscriber classes into the eventbus for jei
[242月2025 23:47:30.301] [modloading-worker-0/DEBUG] [net.minecraftforge.fml.config.ConfigTracker/CONFIG]: Config file forge-client.toml for forge tracking
[242月2025 23:47:30.301] [modloading-worker-0/DEBUG] [net.minecraftforge.fml.config.ConfigTracker/CONFIG]: Config file forge-server.toml for forge tracking
[242月2025 23:47:30.301] [modloading-worker-0/DEBUG] [net.minecraftforge.fml.ModLoadingContext/]: Attempted to register an empty config for type COMMON on mod forge
[242月2025 23:47:30.440] [modloading-worker-0/DEBUG] [net.minecraftforge.fml.javafmlmod.AutomaticEventSubscriber/LOADING]: Attempting to inject @EventBusSubscriber classes into the eventbus for forge
[242月2025 23:47:30.442] [modloading-worker-0/DEBUG] [net.minecraftforge.fml.javafmlmod.AutomaticEventSubscriber/LOADING]: Auto-subscribing net.minecraftforge.common.ForgeSpawnEggItem$CommonHandler to MOD
[242月2025 23:47:30.444] [modloading-worker-0/DEBUG] [net.minecraftforge.fml.javafmlmod.AutomaticEventSubscriber/LOADING]: Auto-subscribing net.minecraftforge.common.ForgeSpawnEggItem$ColorRegisterHandler to MOD
[242月2025 23:47:30.449] [modloading-worker-0/DEBUG] [net.minecraftforge.fml.javafmlmod.AutomaticEventSubscriber/LOADING]: Auto-subscribing net.minecraftforge.client.model.data.ModelDataManager to FORGE
[242月2025 23:47:30.454] [modloading-worker-0/DEBUG] [net.minecraftforge.fml.javafmlmod.AutomaticEventSubscriber/LOADING]: Auto-subscribing net.minecraftforge.client.ForgeHooksClient$ClientEvents to MOD
[242月2025 23:47:30.481] [modloading-worker-0/DEBUG] [net.minecraftforge.fml.javafmlmod.AutomaticEventSubscriber/LOADING]: Auto-subscribing net.minecraftforge.client.ClientForgeMod to MOD
[242月2025 23:47:30.693] [modloading-worker-0/DEBUG] [net.minecraftforge.fml.config.ConfigTracker/CONFIG]: Config file touhou_little_maid-common.toml for touhou_little_maid tracking
[242月2025 23:47:30.695] [modloading-worker-0/DEBUG] [net.minecraftforge.fml.config.ConfigTracker/CONFIG]: Config file touhou_little_maid-server.toml for touhou_little_maid tracking
[242月2025 23:47:30.726] [modloading-worker-0/DEBUG] [net.minecraftforge.fml.javafmlmod.AutomaticEventSubscriber/LOADING]: Attempting to inject @EventBusSubscriber classes into the eventbus for touhou_little_maid
[242月2025 23:47:30.726] [modloading-worker-0/DEBUG] [net.minecraftforge.fml.javafmlmod.AutomaticEventSubscriber/LOADING]: Auto-subscribing com.github.tartaricacid.touhoulittlemaid.util.EntityCacheUtil to FORGE
[242月2025 23:47:30.729] [modloading-worker-0/DEBUG] [net.minecraftforge.fml.javafmlmod.AutomaticEventSubscriber/LOADING]: Auto-subscribing com.github.tartaricacid.touhoulittlemaid.item.ItemSubstituteJizo to FORGE
[242月2025 23:47:30.759] [modloading-worker-0/DEBUG] [net.minecraftforge.fml.javafmlmod.AutomaticEventSubscriber/LOADING]: Auto-subscribing com.github.tartaricacid.touhoulittlemaid.init.registry.MobSpawnInfoRegistry to FORGE
[242月2025 23:47:30.764] [modloading-worker-0/DEBUG] [net.minecraftforge.fml.javafmlmod.AutomaticEventSubscriber/LOADING]: Auto-subscribing com.github.tartaricacid.touhoulittlemaid.init.registry.CompatRegistry to MOD
[242月2025 23:47:30.767] [modloading-worker-0/DEBUG] [net.minecraftforge.fml.javafmlmod.AutomaticEventSubscriber/LOADING]: Auto-subscribing com.github.tartaricacid.touhoulittlemaid.init.registry.CommonRegistry to MOD
[242月2025 23:47:30.774] [modloading-worker-0/DEBUG] [net.minecraftforge.fml.javafmlmod.AutomaticEventSubscriber/LOADING]: Auto-subscribing com.github.tartaricacid.touhoulittlemaid.init.registry.CommandRegistry to FORGE
[242月2025 23:47:30.776] [modloading-worker-0/DEBUG] [net.minecraftforge.fml.javafmlmod.AutomaticEventSubscriber/LOADING]: Auto-subscribing com.github.tartaricacid.touhoulittlemaid.init.registry.CapabilityRegistry to MOD
[242月2025 23:47:30.779] [modloading-worker-0/DEBUG] [net.minecraftforge.fml.javafmlmod.AutomaticEventSubscriber/LOADING]: Auto-subscribing com.github.tartaricacid.touhoulittlemaid.init.InitRecipes to MOD
[242月2025 23:47:30.781] [modloading-worker-0/DEBUG] [net.minecraftforge.fml.javafmlmod.AutomaticEventSubscriber/LOADING]: Auto-subscribing com.github.tartaricacid.touhoulittlemaid.init.InitEntities to MOD
[242月2025 23:47:30.783] [modloading-worker-0/DEBUG] [net.minecraftforge.fml.javafmlmod.AutomaticEventSubscriber/LOADING]: Auto-subscribing com.github.tartaricacid.touhoulittlemaid.event.maid.UseNameTagEvent to FORGE
[242月2025 23:47:30.792] [modloading-worker-0/DEBUG] [net.minecraftforge.fml.javafmlmod.AutomaticEventSubscriber/LOADING]: Auto-subscribing com.github.tartaricacid.touhoulittlemaid.event.maid.UseFavorabilityToolEvent to FORGE
[242月2025 23:47:30.795] [modloading-worker-0/DEBUG] [net.minecraftforge.fml.javafmlmod.AutomaticEventSubscriber/LOADING]: Auto-subscribing com.github.tartaricacid.touhoulittlemaid.event.maid.SwitchSittingEvent to FORGE
[242月2025 23:47:30.797] [modloading-worker-0/DEBUG] [net.minecraftforge.fml.javafmlmod.AutomaticEventSubscriber/LOADING]: Auto-subscribing com.github.tartaricacid.touhoulittlemaid.event.maid.SlabClickEvent to FORGE
[242月2025 23:47:30.799] [modloading-worker-0/DEBUG] [net.minecraftforge.fml.javafmlmod.AutomaticEventSubscriber/LOADING]: Auto-subscribing com.github.tartaricacid.touhoulittlemaid.event.maid.SaddleMaidEvent to FORGE
[242月2025 23:47:30.806] [modloading-worker-0/DEBUG] [net.minecraftforge.fml.javafmlmod.AutomaticEventSubscriber/LOADING]: Auto-subscribing com.github.tartaricacid.touhoulittlemaid.event.maid.MaidMountEvent to FORGE
[242月2025 23:47:30.809] [modloading-worker-0/DEBUG] [net.minecraftforge.fml.javafmlmod.AutomaticEventSubscriber/LOADING]: Auto-subscribing com.github.tartaricacid.touhoulittlemaid.event.maid.MaidFarmlandTrample to FORGE
[242月2025 23:47:30.813] [modloading-worker-0/DEBUG] [net.minecraftforge.fml.javafmlmod.AutomaticEventSubscriber/LOADING]: Auto-subscribing com.github.tartaricacid.touhoulittlemaid.event.maid.MaidDeathFavorability to FORGE
[242月2025 23:47:30.815] [modloading-worker-0/DEBUG] [net.minecraftforge.fml.javafmlmod.AutomaticEventSubscriber/LOADING]: Auto-subscribing com.github.tartaricacid.touhoulittlemaid.event.maid.MaidAreaClickEvent to FORGE
[242月2025 23:47:30.830] [modloading-worker-0/DEBUG] [net.minecraftforge.fml.javafmlmod.AutomaticEventSubscriber/LOADING]: Auto-subscribing com.github.tartaricacid.touhoulittlemaid.event.maid.HandleBackpackEvent to FORGE
[242月2025 23:47:30.840] [modloading-worker-0/DEBUG] [net.minecraftforge.fml.javafmlmod.AutomaticEventSubscriber/LOADING]: Auto-subscribing com.github.tartaricacid.touhoulittlemaid.event.maid.GetExpBottleEvent to FORGE
[242月2025 23:47:30.849] [modloading-worker-0/DEBUG] [net.minecraftforge.fml.javafmlmod.AutomaticEventSubscriber/LOADING]: Auto-subscribing com.github.tartaricacid.touhoulittlemaid.event.maid.DismountMaidEvent to FORGE
[242月2025 23:47:30.855] [modloading-worker-0/DEBUG] [net.minecraftforge.fml.javafmlmod.AutomaticEventSubscriber/LOADING]: Auto-subscribing com.github.tartaricacid.touhoulittlemaid.event.maid.ApplyScriptBook to FORGE
[242月2025 23:47:30.860] [modloading-worker-0/DEBUG] [net.minecraftforge.fml.javafmlmod.AutomaticEventSubscriber/LOADING]: Auto-subscribing com.github.tartaricacid.touhoulittlemaid.event.maid.ApplyPotionEffectEvent to FORGE
[242月2025 23:47:30.862] [modloading-worker-0/DEBUG] [net.minecraftforge.fml.javafmlmod.AutomaticEventSubscriber/LOADING]: Auto-subscribing com.github.tartaricacid.touhoulittlemaid.event.maid.ApplyGoldenAppleEvent to FORGE
[242月2025 23:47:30.864] [modloading-worker-0/DEBUG] [net.minecraftforge.fml.javafmlmod.AutomaticEventSubscriber/LOADING]: Auto-subscribing com.github.tartaricacid.touhoulittlemaid.event.food.DefaultEatenEvent to FORGE
[242月2025 23:47:30.872] [modloading-worker-0/DEBUG] [net.minecraftforge.fml.javafmlmod.AutomaticEventSubscriber/LOADING]: Auto-subscribing com.github.tartaricacid.touhoulittlemaid.event.food.BowlFoodEvent to FORGE
[242月2025 23:47:30.875] [modloading-worker-0/DEBUG] [net.minecraftforge.fml.javafmlmod.AutomaticEventSubscriber/LOADING]: Auto-subscribing com.github.tartaricacid.touhoulittlemaid.event.MaidMealRegConfigEvent to MOD
[242月2025 23:47:30.877] [modloading-worker-0/DEBUG] [net.minecraftforge.fml.javafmlmod.AutomaticEventSubscriber/LOADING]: Auto-subscribing com.github.tartaricacid.touhoulittlemaid.event.InstallChairEvent to FORGE
[242月2025 23:47:30.880] [modloading-worker-0/DEBUG] [net.minecraftforge.fml.javafmlmod.AutomaticEventSubscriber/LOADING]: Auto-subscribing com.github.tartaricacid.touhoulittlemaid.event.EntityJoinWorldEvent to FORGE
[242月2025 23:47:30.893] [modloading-worker-0/DEBUG] [net.minecraftforge.fml.javafmlmod.AutomaticEventSubscriber/LOADING]: Auto-subscribing com.github.tartaricacid.touhoulittlemaid.event.EntityHurtEvent to FORGE
[242月2025 23:47:30.895] [modloading-worker-0/DEBUG] [net.minecraftforge.fml.javafmlmod.AutomaticEventSubscriber/LOADING]: Auto-subscribing com.github.tartaricacid.touhoulittlemaid.event.EntityDeathEvent to FORGE
[242月2025 23:47:30.897] [modloading-worker-0/DEBUG] [net.minecraftforge.fml.javafmlmod.AutomaticEventSubscriber/LOADING]: Auto-subscribing com.github.tartaricacid.touhoulittlemaid.event.EnterServerEvent to FORGE
[242月2025 23:47:30.900] [modloading-worker-0/DEBUG] [net.minecraftforge.fml.javafmlmod.AutomaticEventSubscriber/LOADING]: Auto-subscribing com.github.tartaricacid.touhoulittlemaid.event.CopyEntityIdEvent to FORGE
[242月2025 23:47:30.908] [modloading-worker-0/DEBUG] [net.minecraftforge.fml.javafmlmod.AutomaticEventSubscriber/LOADING]: Auto-subscribing com.github.tartaricacid.touhoulittlemaid.event.CapabilityEvent to FORGE
[242月2025 23:47:30.914] [modloading-worker-0/DEBUG] [net.minecraftforge.fml.javafmlmod.AutomaticEventSubscriber/LOADING]: Auto-subscribing com.github.tartaricacid.touhoulittlemaid.event.CancelSaddleMaidEvent to FORGE
[242月2025 23:47:30.918] [modloading-worker-0/DEBUG] [net.minecraftforge.fml.javafmlmod.AutomaticEventSubscriber/LOADING]: Auto-subscribing com.github.tartaricacid.touhoulittlemaid.entity.chatbubble.ChatBubbleManger to FORGE
[242月2025 23:47:30.925] [modloading-worker-0/DEBUG] [net.minecraftforge.fml.javafmlmod.AutomaticEventSubscriber/LOADING]: Auto-subscribing com.github.tartaricacid.touhoulittlemaid.debug.ChangeMaidOwner to FORGE
[242月2025 23:47:30.927] [modloading-worker-0/DEBUG] [net.minecraftforge.fml.javafmlmod.AutomaticEventSubscriber/LOADING]: Auto-subscribing com.github.tartaricacid.touhoulittlemaid.datagen.MaidDataGenerator to MOD
[242月2025 23:47:30.930] [modloading-worker-0/DEBUG] [net.minecraftforge.fml.javafmlmod.AutomaticEventSubscriber/LOADING]: Auto-subscribing com.github.tartaricacid.touhoulittlemaid.compat.domesticationinnovation.EnchantmentRefuse to FORGE
[242月2025 23:47:30.933] [modloading-worker-0/DEBUG] [net.minecraftforge.fml.javafmlmod.AutomaticEventSubscriber/LOADING]: Auto-subscribing com.github.tartaricacid.touhoulittlemaid.client.init.InitSpecialItemRender to MOD
[242月2025 23:47:30.947] [modloading-worker-0/DEBUG] [net.minecraftforge.fml.javafmlmod.AutomaticEventSubscriber/LOADING]: Auto-subscribing com.github.tartaricacid.touhoulittlemaid.client.init.InitEntitiesRender to MOD
[242月2025 23:47:30.955] [modloading-worker-0/DEBUG] [net.minecraftforge.fml.javafmlmod.AutomaticEventSubscriber/LOADING]: Auto-subscribing com.github.tartaricacid.touhoulittlemaid.client.init.InitContainerGui to MOD
[242月2025 23:47:30.958] [modloading-worker-0/DEBUG] [net.minecraftforge.fml.javafmlmod.AutomaticEventSubscriber/LOADING]: Auto-subscribing com.github.tartaricacid.touhoulittlemaid.client.init.InitClientTooltip to MOD
[242月2025 23:47:30.960] [modloading-worker-0/DEBUG] [net.minecraftforge.fml.javafmlmod.AutomaticEventSubscriber/LOADING]: Auto-subscribing com.github.tartaricacid.touhoulittlemaid.client.init.ClientSetupEvent to MOD
[242月2025 23:47:30.964] [modloading-worker-0/DEBUG] [net.minecraftforge.fml.javafmlmod.AutomaticEventSubscriber/LOADING]: Auto-subscribing com.github.tartaricacid.touhoulittlemaid.client.event.WirelessIORenderEvent to FORGE
[242月2025 23:47:30.997] [modloading-worker-0/DEBUG] [net.minecraftforge.coremod.transformer.CoreModBaseTransformer/COREMOD]: Transforming renderLevel with desc (Lcom/mojang/blaze3d/vertex/PoseStack;FJZLnet/minecraft/client/Camera;Lnet/minecraft/client/renderer/GameRenderer;Lnet/minecraft/client/renderer/LightTexture;Lorg/joml/Matrix4f;)V
[242月2025 23:47:31.000] [modloading-worker-0/DEBUG] [mixin/]: Mixing client.LevelRendererMixin from tslatentitystatus.mixins.json into net.minecraft.client.renderer.LevelRenderer
[242月2025 23:47:31.097] [modloading-worker-0/DEBUG] [net.minecraftforge.fml.javafmlmod.AutomaticEventSubscriber/LOADING]: Auto-subscribing com.github.tartaricacid.touhoulittlemaid.client.event.SpecialMaidRenderEvent to FORGE
[242月2025 23:47:31.114] [modloading-worker-0/DEBUG] [net.minecraftforge.fml.javafmlmod.AutomaticEventSubscriber/LOADING]: Auto-subscribing com.github.tartaricacid.touhoulittlemaid.client.event.ShowPowerEvent to FORGE
[242月2025 23:47:31.126] [modloading-worker-0/DEBUG] [net.minecraftforge.fml.javafmlmod.AutomaticEventSubscriber/LOADING]: Auto-subscribing com.github.tartaricacid.touhoulittlemaid.client.event.ShowOptifineScreen to FORGE
[242月2025 23:47:31.129] [modloading-worker-0/DEBUG] [net.minecraftforge.fml.javafmlmod.AutomaticEventSubscriber/LOADING]: Auto-subscribing com.github.tartaricacid.touhoulittlemaid.client.event.ScrollRenderEvent to FORGE
[242月2025 23:47:31.133] [modloading-worker-0/DEBUG] [net.minecraftforge.fml.javafmlmod.AutomaticEventSubscriber/LOADING]: Auto-subscribing com.github.tartaricacid.touhoulittlemaid.client.event.ReloadResourceEvent to MOD
[242月2025 23:47:31.159] [modloading-worker-0/DEBUG] [net.minecraftforge.fml.javafmlmod.AutomaticEventSubscriber/LOADING]: Auto-subscribing com.github.tartaricacid.touhoulittlemaid.client.event.PlayerLoggedInNotice to FORGE
[242月2025 23:47:31.161] [modloading-worker-0/DEBUG] [net.minecraftforge.fml.javafmlmod.AutomaticEventSubscriber/LOADING]: Auto-subscribing com.github.tartaricacid.touhoulittlemaid.client.event.PlayMaidSoundEvent to FORGE
[242月2025 23:47:31.181] [modloading-worker-0/DEBUG] [net.minecraftforge.fml.javafmlmod.AutomaticEventSubscriber/LOADING]: Auto-subscribing com.github.tartaricacid.touhoulittlemaid.client.event.MaidSoundFreqEvent to FORGE
[242月2025 23:47:31.192] [modloading-worker-0/DEBUG] [net.minecraftforge.fml.javafmlmod.AutomaticEventSubscriber/LOADING]: Auto-subscribing com.github.tartaricacid.touhoulittlemaid.client.event.MaidAreaRenderEvent to FORGE
[242月2025 23:47:31.198] [modloading-worker-0/DEBUG] [net.minecraftforge.fml.javafmlmod.AutomaticEventSubscriber/LOADING]: Auto-subscribing com.github.tartaricacid.touhoulittlemaid.client.event.CompassRenderEvent to FORGE
[242月2025 23:47:31.205] [modloading-worker-0/DEBUG] [net.minecraftforge.fml.javafmlmod.AutomaticEventSubscriber/LOADING]: Auto-subscribing com.github.tartaricacid.touhoulittlemaid.client.event.ClientPackDownloadEvent to MOD
[242月2025 23:47:31.209] [modloading-worker-0/DEBUG] [net.minecraftforge.fml.javafmlmod.AutomaticEventSubscriber/LOADING]: Auto-subscribing com.github.tartaricacid.touhoulittlemaid.client.event.CarryMaidHideArmEvent to FORGE
[242月2025 23:47:31.212] [modloading-worker-0/DEBUG] [net.minecraftforge.fml.javafmlmod.AutomaticEventSubscriber/LOADING]: Auto-subscribing com.github.tartaricacid.touhoulittlemaid.client.event.AddInformationEvent to FORGE
[242月2025 23:47:31.214] [modloading-worker-0/DEBUG] [net.minecraftforge.fml.javafmlmod.AutomaticEventSubscriber/LOADING]: Auto-subscribing com.github.tartaricacid.touhoulittlemaid.client.download.InfoGetManager to MOD
[242月2025 23:47:32.358] [modloading-worker-0/DEBUG] [net.minecraftforge.fml.javafmlmod.AutomaticEventSubscriber/LOADING]: Attempting to inject @EventBusSubscriber classes into the eventbus for twilightforest
[242月2025 23:47:32.358] [modloading-worker-0/DEBUG] [net.minecraftforge.fml.javafmlmod.AutomaticEventSubscriber/LOADING]: Auto-subscribing twilightforest.util.TFRemapper to FORGE
[242月2025 23:47:32.360] [modloading-worker-0/DEBUG] [net.minecraftforge.fml.javafmlmod.AutomaticEventSubscriber/LOADING]: Auto-subscribing twilightforest.loot.modifiers.GiantToolGroupingModifier to FORGE
[242月2025 23:47:32.372] [modloading-worker-0/DEBUG] [net.minecraftforge.fml.javafmlmod.AutomaticEventSubscriber/LOADING]: Auto-subscribing twilightforest.item.OreMagnetItem to FORGE
[242月2025 23:47:32.374] [modloading-worker-0/DEBUG] [net.minecraftforge.fml.javafmlmod.AutomaticEventSubscriber/LOADING]: Auto-subscribing twilightforest.item.FierySwordItem to FORGE
[242月2025 23:47:32.375] [modloading-worker-0/DEBUG] [net.minecraftforge.fml.javafmlmod.AutomaticEventSubscriber/LOADING]: Auto-subscribing twilightforest.init.TFParticleType to MOD
[242月2025 23:47:32.377] [modloading-worker-0/DEBUG] [net.minecraftforge.fml.javafmlmod.AutomaticEventSubscriber/LOADING]: Auto-subscribing twilightforest.init.TFEntities to MOD
[242月2025 23:47:32.379] [modloading-worker-0/DEBUG] [net.minecraftforge.fml.javafmlmod.AutomaticEventSubscriber/LOADING]: Auto-subscribing twilightforest.init.TFCaveCarvers to MOD
[242月2025 23:47:32.391] [modloading-worker-0/DEBUG] [net.minecraftforge.fml.javafmlmod.AutomaticEventSubscriber/LOADING]: Auto-subscribing twilightforest.events.ToolEvents to FORGE
[242月2025 23:47:32.403] [modloading-worker-0/DEBUG] [net.minecraftforge.fml.javafmlmod.AutomaticEventSubscriber/LOADING]: Auto-subscribing twilightforest.events.ProgressionEvents to FORGE
[242月2025 23:47:32.408] [modloading-worker-0/DEBUG] [net.minecraftforge.fml.javafmlmod.AutomaticEventSubscriber/LOADING]: Auto-subscribing twilightforest.events.MiscEvents to FORGE
[242月2025 23:47:32.411] [modloading-worker-0/DEBUG] [net.minecraftforge.fml.javafmlmod.AutomaticEventSubscriber/LOADING]: Auto-subscribing twilightforest.events.HostileMountEvents to FORGE
[242月2025 23:47:32.422] [modloading-worker-0/DEBUG] [net.minecraftforge.fml.javafmlmod.AutomaticEventSubscriber/LOADING]: Auto-subscribing twilightforest.events.EntityEvents to FORGE
[242月2025 23:47:32.441] [modloading-worker-0/DEBUG] [net.minecraftforge.fml.javafmlmod.AutomaticEventSubscriber/LOADING]: Auto-subscribing twilightforest.events.CharmEvents to FORGE
[242月2025 23:47:32.446] [modloading-worker-0/DEBUG] [net.minecraftforge.fml.javafmlmod.AutomaticEventSubscriber/LOADING]: Auto-subscribing twilightforest.events.CapabilityEvents to FORGE
[242月2025 23:47:32.455] [modloading-worker-0/DEBUG] [net.minecraftforge.fml.javafmlmod.AutomaticEventSubscriber/LOADING]: Auto-subscribing twilightforest.data.DataGenerators to MOD
[242月2025 23:47:32.461] [modloading-worker-0/DEBUG] [net.minecraftforge.fml.javafmlmod.AutomaticEventSubscriber/LOADING]: Auto-subscribing twilightforest.client.renderer.TFOverlays to MOD
[242月2025 23:47:32.467] [modloading-worker-0/DEBUG] [net.minecraftforge.fml.javafmlmod.AutomaticEventSubscriber/LOADING]: Auto-subscribing twilightforest.client.model.TFLayerDefinitions to MOD
[242月2025 23:47:32.474] [modloading-worker-0/DEBUG] [net.minecraftforge.fml.javafmlmod.AutomaticEventSubscriber/LOADING]: Auto-subscribing twilightforest.client.TFClientSetup to MOD
[242月2025 23:47:32.477] [modloading-worker-0/DEBUG] [net.minecraftforge.fml.javafmlmod.AutomaticEventSubscriber/LOADING]: Auto-subscribing twilightforest.client.TFClientSetup$ForgeEvents to FORGE
[242月2025 23:47:32.480] [modloading-worker-0/DEBUG] [net.minecraftforge.fml.javafmlmod.AutomaticEventSubscriber/LOADING]: Auto-subscribing twilightforest.client.TFClientEvents to FORGE
[242月2025 23:47:32.511] [modloading-worker-0/DEBUG] [mixin/]: Mixing client.GameRendererMixin from tslatentitystatus.mixins.json into net.minecraft.client.renderer.GameRenderer
[242月2025 23:47:32.570] [modloading-worker-0/DEBUG] [net.minecraftforge.fml.javafmlmod.AutomaticEventSubscriber/LOADING]: Auto-subscribing twilightforest.client.TFClientEvents$ModBusEvents to MOD
[242月2025 23:47:32.576] [modloading-worker-0/DEBUG] [net.minecraftforge.fml.javafmlmod.AutomaticEventSubscriber/LOADING]: Auto-subscribing twilightforest.client.LockedBiomeListener to FORGE
[242月2025 23:47:32.580] [modloading-worker-0/DEBUG] [net.minecraftforge.fml.javafmlmod.AutomaticEventSubscriber/LOADING]: Auto-subscribing twilightforest.client.JappaPackReloadListener to MOD
[242月2025 23:47:32.588] [modloading-worker-0/DEBUG] [net.minecraftforge.fml.javafmlmod.AutomaticEventSubscriber/LOADING]: Auto-subscribing twilightforest.client.FogHandler to FORGE
[242月2025 23:47:32.603] [modloading-worker-0/DEBUG] [net.minecraftforge.fml.javafmlmod.AutomaticEventSubscriber/LOADING]: Auto-subscribing twilightforest.client.ColorHandler to MOD
[242月2025 23:47:32.607] [modloading-worker-0/DEBUG] [net.minecraftforge.fml.javafmlmod.AutomaticEventSubscriber/LOADING]: Auto-subscribing twilightforest.client.CloudEvents to FORGE
[242月2025 23:47:32.611] [modloading-worker-0/DEBUG] [net.minecraftforge.fml.javafmlmod.AutomaticEventSubscriber/LOADING]: Auto-subscribing twilightforest.TFTickHandler to FORGE
[242月2025 23:47:32.619] [modloading-worker-0/DEBUG] [net.minecraftforge.fml.javafmlmod.AutomaticEventSubscriber/LOADING]: Auto-subscribing twilightforest.TFConfig to MOD
[242月2025 23:47:32.620] [modloading-worker-0/DEBUG] [net.minecraftforge.fml.javafmlmod.AutomaticEventSubscriber/LOADING]: Auto-subscribing twilightforest.TFConfig$ConfigSync to FORGE
[242月2025 23:47:32.726] [main/DEBUG] [net.minecraftforge.registries.ObjectHolderRegistry/REGISTRIES]: Processing ObjectHolder annotations
[242月2025 23:47:32.776] [main/DEBUG] [net.minecraftforge.registries.ObjectHolderRegistry/REGISTRIES]: Found 6070 ObjectHolder annotations
[242月2025 23:47:32.778] [main/DEBUG] [net.minecraftforge.common.capabilities.CapabilityManager/CAPABILITIES]: Attempting to automatically register: Lnet/minecraftforge/energy/IEnergyStorage;
[242月2025 23:47:32.780] [main/DEBUG] [net.minecraftforge.common.capabilities.CapabilityManager/CAPABILITIES]: Attempting to automatically register: Lnet/minecraftforge/fluids/capability/IFluidHandler;
[242月2025 23:47:32.782] [main/DEBUG] [net.minecraftforge.common.capabilities.CapabilityManager/CAPABILITIES]: Attempting to automatically register: Lnet/minecraftforge/fluids/capability/IFluidHandlerItem;
[242月2025 23:47:32.783] [main/DEBUG] [net.minecraftforge.common.capabilities.CapabilityManager/CAPABILITIES]: Attempting to automatically register: Lnet/minecraftforge/items/IItemHandler;
[242月2025 23:47:32.794] [main/DEBUG] [net.minecraftforge.registries.GameData/REGISTRIES]: Unfreezing vanilla registries
[242月2025 23:47:32.817] [main/DEBUG] [net.minecraftforge.registries.GameData/REGISTRIES]: Applying holder lookups: minecraft:sound_event
[242月2025 23:47:32.825] [main/DEBUG] [net.minecraftforge.registries.GameData/REGISTRIES]: Holder lookups applied: minecraft:sound_event
[242月2025 23:47:32.827] [main/DEBUG] [net.minecraftforge.registries.GameData/REGISTRIES]: Applying holder lookups: minecraft:fluid
[242月2025 23:47:32.832] [main/DEBUG] [net.minecraftforge.registries.GameData/REGISTRIES]: Holder lookups applied: minecraft:fluid
[242月2025 23:47:33.915] [main/DEBUG] [net.minecraftforge.registries.ForgeRegistry/REGISTRIES]: Registry minecraft:block Override: minecraft:anvil Block{minecraft:anvil} -> Block{minecraft:air}
[242月2025 23:47:33.916] [main/DEBUG] [net.minecraftforge.registries.ForgeRegistry/REGISTRIES]: Registry minecraft:block Override: minecraft:chipped_anvil Block{minecraft:chipped_anvil} -> Block{minecraft:air}
[242月2025 23:47:33.916] [main/DEBUG] [net.minecraftforge.registries.ForgeRegistry/REGISTRIES]: Registry minecraft:block Override: minecraft:damaged_anvil Block{minecraft:damaged_anvil} -> Block{minecraft:air}
[242月2025 23:47:33.921] [main/DEBUG] [net.minecraftforge.registries.ForgeRegistry/REGISTRIES]: Registry minecraft:block Override: minecraft:enchanting_table Block{minecraft:enchanting_table} -> Block{minecraft:air}
[242月2025 23:47:33.923] [main/DEBUG] [net.minecraftforge.registries.ForgeRegistry/REGISTRIES]: Registry minecraft:item Override: minecraft:enchanting_table enchanting_table -> air
[242月2025 23:47:34.005] [main/DEBUG] [net.minecraftforge.registries.ForgeRegistry/REGISTRIES]: Registry minecraft:block Override: minecraft:spawner Block{minecraft:spawner} -> Block{minecraft:air}
[242月2025 23:47:34.005] [main/DEBUG] [net.minecraftforge.registries.ForgeRegistry/REGISTRIES]: Registry minecraft:block Override: minecraft:cactus Block{minecraft:cactus} -> Block{minecraft:air}
[242月2025 23:47:34.006] [main/DEBUG] [net.minecraftforge.registries.ForgeRegistry/REGISTRIES]: Registry minecraft:item Override: minecraft:cactus cactus -> air
[242月2025 23:47:34.006] [main/DEBUG] [net.minecraftforge.registries.ForgeRegistry/REGISTRIES]: Registry minecraft:block Override: minecraft:sugar_cane Block{minecraft:sugar_cane} -> Block{minecraft:air}
[242月2025 23:47:34.007] [main/DEBUG] [net.minecraftforge.registries.ForgeRegistry/REGISTRIES]: Registry minecraft:item Override: minecraft:sugar_cane sugar_cane -> air
[242月2025 23:47:34.007] [main/DEBUG] [net.minecraftforge.registries.ForgeRegistry/REGISTRIES]: Registry minecraft:block Override: minecraft:bamboo Block{minecraft:bamboo} -> Block{minecraft:air}
[242月2025 23:47:34.007] [main/DEBUG] [net.minecraftforge.registries.ForgeRegistry/REGISTRIES]: Registry minecraft:item Override: minecraft:bamboo bamboo -> air
[242月2025 23:47:34.008] [main/DEBUG] [net.minecraftforge.registries.ForgeRegistry/REGISTRIES]: Registry minecraft:block Override: minecraft:fletching_table Block{minecraft:fletching_table} -> Block{minecraft:air}
[242月2025 23:47:34.008] [main/DEBUG] [net.minecraftforge.registries.ForgeRegistry/REGISTRIES]: Registry minecraft:item Override: minecraft:fletching_table fletching_table -> air
[242月2025 23:47:34.009] [main/DEBUG] [net.minecraftforge.registries.GameData/REGISTRIES]: Applying holder lookups: minecraft:block
[242月2025 23:47:34.018] [main/DEBUG] [net.minecraftforge.registries.GameData/REGISTRIES]: Holder lookups applied: minecraft:block
[242月2025 23:47:34.028] [main/DEBUG] [net.minecraftforge.registries.GameData/REGISTRIES]: Applying holder lookups: minecraft:attribute
[242月2025 23:47:34.035] [main/DEBUG] [net.minecraftforge.registries.GameData/REGISTRIES]: Holder lookups applied: minecraft:attribute
[242月2025 23:47:34.090] [main/DEBUG] [net.minecraftforge.registries.GameData/REGISTRIES]: Applying holder lookups: minecraft:mob_effect
[242月2025 23:47:34.099] [main/DEBUG] [net.minecraftforge.registries.GameData/REGISTRIES]: Holder lookups applied: minecraft:mob_effect
[242月2025 23:47:34.122] [main/DEBUG] [net.minecraftforge.registries.GameData/REGISTRIES]: Applying holder lookups: minecraft:particle_type
[242月2025 23:47:34.129] [main/DEBUG] [net.minecraftforge.registries.GameData/REGISTRIES]: Holder lookups applied: minecraft:particle_type
[242月2025 23:47:34.426] [main/DEBUG] [mixin/]: Mixing TagsProviderForgeMixin from puzzleslib.forge.mixins.json into net.minecraft.data.tags.TagsProvider
[242月2025 23:47:34.478] [main/DEBUG] [net.minecraftforge.registries.ForgeRegistry/REGISTRIES]: Registry minecraft:item Override: minecraft:anvil anvil -> air
[242月2025 23:47:34.479] [main/DEBUG] [net.minecraftforge.registries.ForgeRegistry/REGISTRIES]: Registry minecraft:item Override: minecraft:chipped_anvil chipped_anvil -> air
[242月2025 23:47:34.479] [main/DEBUG] [net.minecraftforge.registries.ForgeRegistry/REGISTRIES]: Registry minecraft:item Override: minecraft:damaged_anvil damaged_anvil -> air
[242月2025 23:47:34.485] [main/DEBUG] [net.minecraftforge.registries.ForgeRegistry/REGISTRIES]: Registry minecraft:item Override: minecraft:spawner spawner -> air
[242月2025 23:47:34.523] [main/DEBUG] [net.minecraftforge.registries.GameData/REGISTRIES]: Applying holder lookups: minecraft:item
[242月2025 23:47:34.532] [main/DEBUG] [net.minecraftforge.registries.GameData/REGISTRIES]: Holder lookups applied: minecraft:item
[242月2025 23:47:34.648] [main/DEBUG] [net.minecraftforge.registries.GameData/REGISTRIES]: Applying holder lookups: minecraft:entity_type
[242月2025 23:47:34.650] [main/DEBUG] [net.minecraftforge.registries.GameData/REGISTRIES]: Holder lookups applied: minecraft:entity_type
[242月2025 23:47:34.670] [main/DEBUG] [net.minecraftforge.registries.GameData/REGISTRIES]: Applying holder lookups: minecraft:sensor_type
[242月2025 23:47:34.674] [main/DEBUG] [net.minecraftforge.registries.GameData/REGISTRIES]: Holder lookups applied: minecraft:sensor_type
[242月2025 23:47:34.683] [main/DEBUG] [net.minecraftforge.registries.GameData/REGISTRIES]: Applying holder lookups: minecraft:memory_module_type
[242月2025 23:47:34.688] [main/DEBUG] [net.minecraftforge.registries.GameData/REGISTRIES]: Holder lookups applied: minecraft:memory_module_type
[242月2025 23:47:34.694] [main/DEBUG] [net.minecraftforge.registries.GameData/REGISTRIES]: Applying holder lookups: minecraft:potion
[242月2025 23:47:34.699] [main/DEBUG] [net.minecraftforge.registries.GameData/REGISTRIES]: Holder lookups applied: minecraft:potion
[242月2025 23:47:34.700] [main/DEBUG] [net.minecraftforge.registries.GameData/REGISTRIES]: Applying holder lookups: minecraft:game_event
[242月2025 23:47:34.702] [main/DEBUG] [net.minecraftforge.registries.GameData/REGISTRIES]: Holder lookups applied: minecraft:game_event
[242月2025 23:47:34.735] [main/DEBUG] [mixin/]: Mixing AttributeMapMixin from attributeslib.mixins.json into net.minecraft.world.entity.ai.attributes.AttributeMap
[242月2025 23:47:34.736] [main/DEBUG] [mixin/]: Renaming synthetic method lambda$setAttributesUpdating$0(Lnet/minecraft/world/entity/ai/attributes/Attribute;Lcom/mojang/datafixers/util/Pair;)V to md2f9d17$lambda$setAttributesUpdating$0$0 in attributeslib.mixins.json:AttributeMapMixin
[242月2025 23:47:34.819] [main/DEBUG] [io.netty.util.internal.InternalThreadLocalMap/]: -Dio.netty.threadLocalMap.stringBuilder.initialSize: 1024
[242月2025 23:47:34.819] [main/DEBUG] [io.netty.util.internal.InternalThreadLocalMap/]: -Dio.netty.threadLocalMap.stringBuilder.maxSize: 4096
[242月2025 23:47:34.821] [main/DEBUG] [io.netty.util.internal.ThreadLocalRandom/]: -Dio.netty.initialSeedUniquifier: 0xb3463658402f13e9
[242月2025 23:47:34.837] [main/DEBUG] [net.minecraftforge.registries.ForgeRegistry/REGISTRIES]: Registry minecraft:enchantment Override: minecraft:bane_of_arthropods net.minecraft.world.item.enchantment.DamageEnchantment@25c4d2a0 -> dev.shadowsoffire.apotheosis.ench.replacements.BaneEnchant@5e493feb
[242月2025 23:47:34.837] [main/DEBUG] [net.minecraftforge.registries.ForgeRegistry/REGISTRIES]: Registry minecraft:enchantment Override: minecraft:smite net.minecraft.world.item.enchantment.DamageEnchantment@48715ab -> dev.shadowsoffire.apotheosis.ench.replacements.BaneEnchant@50a0404b
[242月2025 23:47:34.837] [main/DEBUG] [net.minecraftforge.registries.ForgeRegistry/REGISTRIES]: Registry minecraft:enchantment Override: minecraft:sharpness net.minecraft.world.item.enchantment.DamageEnchantment@5e077a32 -> dev.shadowsoffire.apotheosis.ench.replacements.BaneEnchant@e328d88
[242月2025 23:47:34.838] [main/DEBUG] [net.minecraftforge.registries.ForgeRegistry/REGISTRIES]: Registry minecraft:enchantment Override: minecraft:protection net.minecraft.world.item.enchantment.ProtectionEnchantment@5064988 -> dev.shadowsoffire.apotheosis.ench.replacements.DefenseEnchant@425fdf53
[242月2025 23:47:34.838] [main/DEBUG] [net.minecraftforge.registries.ForgeRegistry/REGISTRIES]: Registry minecraft:enchantment Override: minecraft:fire_protection net.minecraft.world.item.enchantment.ProtectionEnchantment@6e58f36d -> dev.shadowsoffire.apotheosis.ench.replacements.DefenseEnchant@589b445d
[242月2025 23:47:34.838] [main/DEBUG] [net.minecraftforge.registries.ForgeRegistry/REGISTRIES]: Registry minecraft:enchantment Override: minecraft:blast_protection net.minecraft.world.item.enchantment.ProtectionEnchantment@61f990b -> dev.shadowsoffire.apotheosis.ench.replacements.DefenseEnchant@2ad404c0
[242月2025 23:47:34.838] [main/DEBUG] [net.minecraftforge.registries.ForgeRegistry/REGISTRIES]: Registry minecraft:enchantment Override: minecraft:projectile_protection net.minecraft.world.item.enchantment.ProtectionEnchantment@5b2235a5 -> dev.shadowsoffire.apotheosis.ench.replacements.DefenseEnchant@41285940
[242月2025 23:47:34.838] [main/DEBUG] [net.minecraftforge.registries.ForgeRegistry/REGISTRIES]: Registry minecraft:enchantment Override: minecraft:feather_falling net.minecraft.world.item.enchantment.ProtectionEnchantment@3662309d -> dev.shadowsoffire.apotheosis.ench.replacements.DefenseEnchant@7d31b371
[242月2025 23:47:34.842] [main/DEBUG] [net.minecraftforge.registries.GameData/REGISTRIES]: Applying holder lookups: minecraft:enchantment
[242月2025 23:47:34.847] [main/DEBUG] [net.minecraftforge.registries.GameData/REGISTRIES]: Holder lookups applied: minecraft:enchantment
[242月2025 23:47:35.014] [main/DEBUG] [net.minecraftforge.registries.GameData/REGISTRIES]: Applying holder lookups: minecraft:block_entity_type
[242月2025 23:47:35.018] [main/DEBUG] [net.minecraftforge.registries.GameData/REGISTRIES]: Holder lookups applied: minecraft:block_entity_type
[242月2025 23:47:35.019] [main/DEBUG] [net.minecraftforge.registries.GameData/REGISTRIES]: Applying holder lookups: minecraft:painting_variant
[242月2025 23:47:35.024] [main/DEBUG] [net.minecraftforge.registries.GameData/REGISTRIES]: Holder lookups applied: minecraft:painting_variant
[242月2025 23:47:35.028] [main/DEBUG] [net.minecraftforge.registries.GameData/REGISTRIES]: Applying holder lookups: minecraft:stat_type
[242月2025 23:47:35.032] [main/DEBUG] [net.minecraftforge.registries.GameData/REGISTRIES]: Holder lookups applied: minecraft:stat_type
[242月2025 23:47:35.034] [main/DEBUG] [net.minecraftforge.registries.GameData/REGISTRIES]: Applying holder lookups: minecraft:custom_stat
[242月2025 23:47:35.036] [main/DEBUG] [net.minecraftforge.registries.GameData/REGISTRIES]: Holder lookups applied: minecraft:custom_stat
[242月2025 23:47:35.037] [main/DEBUG] [net.minecraftforge.registries.GameData/REGISTRIES]: Applying holder lookups: minecraft:chunk_status
[242月2025 23:47:35.039] [main/DEBUG] [net.minecraftforge.registries.GameData/REGISTRIES]: Holder lookups applied: minecraft:chunk_status
[242月2025 23:47:35.041] [main/DEBUG] [net.minecraftforge.registries.GameData/REGISTRIES]: Applying holder lookups: minecraft:rule_test
[242月2025 23:47:35.048] [main/DEBUG] [net.minecraftforge.registries.GameData/REGISTRIES]: Holder lookups applied: minecraft:rule_test
[242月2025 23:47:35.049] [main/DEBUG] [net.minecraftforge.registries.GameData/REGISTRIES]: Applying holder lookups: minecraft:rule_block_entity_modifier
[242月2025 23:47:35.051] [main/DEBUG] [net.minecraftforge.registries.GameData/REGISTRIES]: Holder lookups applied: minecraft:rule_block_entity_modifier
[242月2025 23:47:35.052] [main/DEBUG] [net.minecraftforge.registries.GameData/REGISTRIES]: Applying holder lookups: minecraft:pos_rule_test
[242月2025 23:47:35.066] [main/DEBUG] [net.minecraftforge.registries.GameData/REGISTRIES]: Holder lookups applied: minecraft:pos_rule_test
[242月2025 23:47:35.241] [main/DEBUG] [mixin/]: Mixing accessors.inventory.AccessorInventoryMenu from bookshelf.common.mixins.json into net.minecraft.world.inventory.InventoryMenu
[242月2025 23:47:35.348] [main/DEBUG] [net.minecraftforge.registries.GameData/REGISTRIES]: Applying holder lookups: minecraft:menu
[242月2025 23:47:35.350] [main/DEBUG] [net.minecraftforge.registries.GameData/REGISTRIES]: Holder lookups applied: minecraft:menu
[242月2025 23:47:35.353] [main/DEBUG] [placebo/]: Registered 5 recipe types.
[242月2025 23:47:35.353] [main/DEBUG] [net.minecraftforge.registries.GameData/REGISTRIES]: Applying holder lookups: minecraft:recipe_type
[242月2025 23:47:35.354] [main/DEBUG] [net.minecraftforge.registries.GameData/REGISTRIES]: Holder lookups applied: minecraft:recipe_type
[242月2025 23:47:35.364] [main/DEBUG] [bookshelf/]: Built 2 minecraft:recipe_serializer entries. Took 8.68ms.
[242月2025 23:47:35.468] [main/DEBUG] [net.minecraftforge.registries.GameData/REGISTRIES]: Applying holder lookups: minecraft:recipe_serializer
[242月2025 23:47:35.469] [main/DEBUG] [net.minecraftforge.registries.GameData/REGISTRIES]: Holder lookups applied: minecraft:recipe_serializer
[242月2025 23:47:35.469] [main/DEBUG] [net.minecraftforge.registries.GameData/REGISTRIES]: Applying holder lookups: minecraft:position_source_type
[242月2025 23:47:35.470] [main/DEBUG] [net.minecraftforge.registries.GameData/REGISTRIES]: Holder lookups applied: minecraft:position_source_type
[242月2025 23:47:35.483] [main/DEBUG] [bookshelf/]: Built 2 minecraft:command_argument_type entries. Took 8.88ms.
[242月2025 23:47:35.486] [main/DEBUG] [net.minecraftforge.registries.GameData/REGISTRIES]: Applying holder lookups: minecraft:command_argument_type
[242月2025 23:47:35.487] [main/DEBUG] [net.minecraftforge.registries.GameData/REGISTRIES]: Holder lookups applied: minecraft:command_argument_type
[242月2025 23:47:35.488] [main/DEBUG] [net.minecraftforge.registries.GameData/REGISTRIES]: Applying holder lookups: minecraft:villager_type
[242月2025 23:47:35.496] [main/DEBUG] [net.minecraftforge.registries.GameData/REGISTRIES]: Holder lookups applied: minecraft:villager_type
[242月2025 23:47:35.498] [main/DEBUG] [net.minecraftforge.registries.GameData/REGISTRIES]: Applying holder lookups: minecraft:villager_profession
[242月2025 23:47:35.500] [main/DEBUG] [net.minecraftforge.registries.GameData/REGISTRIES]: Holder lookups applied: minecraft:villager_profession
[242月2025 23:47:35.513] [main/DEBUG] [net.minecraftforge.registries.GameData/REGISTRIES]: Applying holder lookups: minecraft:point_of_interest_type
[242月2025 23:47:35.515] [main/DEBUG] [net.minecraftforge.registries.GameData/REGISTRIES]: Holder lookups applied: minecraft:point_of_interest_type
[242月2025 23:47:35.515] [main/DEBUG] [net.minecraftforge.registries.GameData/REGISTRIES]: Applying holder lookups: minecraft:schedule
[242月2025 23:47:35.516] [main/DEBUG] [net.minecraftforge.registries.GameData/REGISTRIES]: Holder lookups applied: minecraft:schedule
[242月2025 23:47:35.517] [main/DEBUG] [net.minecraftforge.registries.GameData/REGISTRIES]: Applying holder lookups: minecraft:activity
[242月2025 23:47:35.518] [main/DEBUG] [net.minecraftforge.registries.GameData/REGISTRIES]: Holder lookups applied: minecraft:activity
[242月2025 23:47:35.518] [main/DEBUG] [net.minecraftforge.registries.GameData/REGISTRIES]: Applying holder lookups: minecraft:loot_pool_entry_type
[242月2025 23:47:35.519] [main/DEBUG] [net.minecraftforge.registries.GameData/REGISTRIES]: Holder lookups applied: minecraft:loot_pool_entry_type
[242月2025 23:47:35.521] [main/DEBUG] [net.minecraftforge.registries.GameData/REGISTRIES]: Applying holder lookups: minecraft:loot_function_type
[242月2025 23:47:35.527] [main/DEBUG] [net.minecraftforge.registries.GameData/REGISTRIES]: Holder lookups applied: minecraft:loot_function_type
[242月2025 23:47:35.534] [main/DEBUG] [net.minecraftforge.registries.GameData/REGISTRIES]: Applying holder lookups: minecraft:loot_condition_type
[242月2025 23:47:35.535] [main/DEBUG] [net.minecraftforge.registries.GameData/REGISTRIES]: Holder lookups applied: minecraft:loot_condition_type
[242月2025 23:47:35.536] [main/DEBUG] [net.minecraftforge.registries.GameData/REGISTRIES]: Applying holder lookups: minecraft:loot_number_provider_type
[242月2025 23:47:35.537] [main/DEBUG] [net.minecraftforge.registries.GameData/REGISTRIES]: Holder lookups applied: minecraft:loot_number_provider_type
[242月2025 23:47:35.538] [main/DEBUG] [net.minecraftforge.registries.GameData/REGISTRIES]: Applying holder lookups: minecraft:loot_nbt_provider_type
[242月2025 23:47:35.542] [main/DEBUG] [net.minecraftforge.registries.GameData/REGISTRIES]: Holder lookups applied: minecraft:loot_nbt_provider_type
[242月2025 23:47:35.543] [main/DEBUG] [net.minecraftforge.registries.GameData/REGISTRIES]: Applying holder lookups: minecraft:loot_score_provider_type
[242月2025 23:47:35.544] [main/DEBUG] [net.minecraftforge.registries.GameData/REGISTRIES]: Holder lookups applied: minecraft:loot_score_provider_type
[242月2025 23:47:35.545] [main/DEBUG] [net.minecraftforge.registries.GameData/REGISTRIES]: Applying holder lookups: minecraft:float_provider_type
[242月2025 23:47:35.547] [main/DEBUG] [net.minecraftforge.registries.GameData/REGISTRIES]: Holder lookups applied: minecraft:float_provider_type
[242月2025 23:47:35.547] [main/DEBUG] [net.minecraftforge.registries.GameData/REGISTRIES]: Applying holder lookups: minecraft:int_provider_type
[242月2025 23:47:35.549] [main/DEBUG] [net.minecraftforge.registries.GameData/REGISTRIES]: Holder lookups applied: minecraft:int_provider_type
[242月2025 23:47:35.550] [main/DEBUG] [net.minecraftforge.registries.GameData/REGISTRIES]: Applying holder lookups: minecraft:height_provider_type
[242月2025 23:47:35.551] [main/DEBUG] [net.minecraftforge.registries.GameData/REGISTRIES]: Holder lookups applied: minecraft:height_provider_type
[242月2025 23:47:35.551] [main/DEBUG] [net.minecraftforge.registries.GameData/REGISTRIES]: Applying holder lookups: minecraft:block_predicate_type
[242月2025 23:47:35.552] [main/DEBUG] [net.minecraftforge.registries.GameData/REGISTRIES]: Holder lookups applied: minecraft:block_predicate_type
[242月2025 23:47:35.553] [main/DEBUG] [net.minecraftforge.registries.GameData/REGISTRIES]: Applying holder lookups: minecraft:worldgen/carver
[242月2025 23:47:35.556] [main/DEBUG] [net.minecraftforge.registries.GameData/REGISTRIES]: Holder lookups applied: minecraft:worldgen/carver
[242月2025 23:47:35.599] [main/DEBUG] [net.minecraftforge.registries.GameData/REGISTRIES]: Applying holder lookups: minecraft:worldgen/feature
[242月2025 23:47:35.600] [main/DEBUG] [net.minecraftforge.registries.GameData/REGISTRIES]: Holder lookups applied: minecraft:worldgen/feature
[242月2025 23:47:35.603] [main/DEBUG] [net.minecraftforge.registries.GameData/REGISTRIES]: Applying holder lookups: minecraft:worldgen/structure_processor
[242月2025 23:47:35.607] [main/DEBUG] [net.minecraftforge.registries.GameData/REGISTRIES]: Holder lookups applied: minecraft:worldgen/structure_processor
[242月2025 23:47:35.611] [main/DEBUG] [net.minecraftforge.registries.GameData/REGISTRIES]: Applying holder lookups: minecraft:worldgen/structure_placement
[242月2025 23:47:35.615] [main/DEBUG] [net.minecraftforge.registries.GameData/REGISTRIES]: Holder lookups applied: minecraft:worldgen/structure_placement
[242月2025 23:47:35.616] [main/DEBUG] [net.minecraftforge.registries.GameData/REGISTRIES]: Applying holder lookups: minecraft:worldgen/structure_piece
[242月2025 23:47:35.618] [main/DEBUG] [net.minecraftforge.registries.GameData/REGISTRIES]: Holder lookups applied: minecraft:worldgen/structure_piece
[242月2025 23:47:35.627] [main/DEBUG] [net.minecraftforge.registries.GameData/REGISTRIES]: Applying holder lookups: minecraft:worldgen/structure_type
[242月2025 23:47:35.629] [main/DEBUG] [net.minecraftforge.registries.GameData/REGISTRIES]: Holder lookups applied: minecraft:worldgen/structure_type
[242月2025 23:47:35.631] [main/DEBUG] [net.minecraftforge.registries.GameData/REGISTRIES]: Applying holder lookups: minecraft:worldgen/placement_modifier_type
[242月2025 23:47:35.632] [main/DEBUG] [net.minecraftforge.registries.GameData/REGISTRIES]: Holder lookups applied: minecraft:worldgen/placement_modifier_type
[242月2025 23:47:35.632] [main/DEBUG] [net.minecraftforge.registries.GameData/REGISTRIES]: Applying holder lookups: minecraft:worldgen/block_state_provider_type
[242月2025 23:47:35.633] [main/DEBUG] [net.minecraftforge.registries.GameData/REGISTRIES]: Holder lookups applied: minecraft:worldgen/block_state_provider_type
[242月2025 23:47:35.644] [main/DEBUG] [net.minecraftforge.registries.GameData/REGISTRIES]: Applying holder lookups: minecraft:worldgen/foliage_placer_type
[242月2025 23:47:35.645] [main/DEBUG] [net.minecraftforge.registries.GameData/REGISTRIES]: Holder lookups applied: minecraft:worldgen/foliage_placer_type
[242月2025 23:47:35.663] [main/DEBUG] [net.minecraftforge.registries.GameData/REGISTRIES]: Applying holder lookups: minecraft:worldgen/trunk_placer_type
[242月2025 23:47:35.666] [main/DEBUG] [net.minecraftforge.registries.GameData/REGISTRIES]: Holder lookups applied: minecraft:worldgen/trunk_placer_type
[242月2025 23:47:35.667] [main/DEBUG] [net.minecraftforge.registries.GameData/REGISTRIES]: Applying holder lookups: minecraft:worldgen/root_placer_type
[242月2025 23:47:35.668] [main/DEBUG] [net.minecraftforge.registries.GameData/REGISTRIES]: Holder lookups applied: minecraft:worldgen/root_placer_type
[242月2025 23:47:35.686] [main/DEBUG] [net.minecraftforge.registries.GameData/REGISTRIES]: Applying holder lookups: minecraft:worldgen/tree_decorator_type
[242月2025 23:47:35.688] [main/DEBUG] [net.minecraftforge.registries.GameData/REGISTRIES]: Holder lookups applied: minecraft:worldgen/tree_decorator_type
[242月2025 23:47:35.689] [main/DEBUG] [net.minecraftforge.registries.GameData/REGISTRIES]: Applying holder lookups: minecraft:worldgen/feature_size_type
[242月2025 23:47:35.693] [main/DEBUG] [net.minecraftforge.registries.GameData/REGISTRIES]: Holder lookups applied: minecraft:worldgen/feature_size_type
[242月2025 23:47:35.728] [main/DEBUG] [net.minecraftforge.registries.GameData/REGISTRIES]: Applying holder lookups: minecraft:worldgen/biome_source
[242月2025 23:47:35.729] [main/DEBUG] [net.minecraftforge.registries.GameData/REGISTRIES]: Holder lookups applied: minecraft:worldgen/biome_source
[242月2025 23:47:35.767] [main/DEBUG] [net.minecraftforge.registries.GameData/REGISTRIES]: Applying holder lookups: minecraft:worldgen/chunk_generator
[242月2025 23:47:35.768] [main/DEBUG] [net.minecraftforge.registries.GameData/REGISTRIES]: Holder lookups applied: minecraft:worldgen/chunk_generator
[242月2025 23:47:35.769] [main/DEBUG] [net.minecraftforge.registries.GameData/REGISTRIES]: Applying holder lookups: minecraft:worldgen/material_condition
[242月2025 23:47:35.776] [main/DEBUG] [net.minecraftforge.registries.GameData/REGISTRIES]: Holder lookups applied: minecraft:worldgen/material_condition
[242月2025 23:47:35.781] [main/DEBUG] [net.minecraftforge.registries.GameData/REGISTRIES]: Applying holder lookups: minecraft:worldgen/material_rule
[242月2025 23:47:35.784] [main/DEBUG] [net.minecraftforge.registries.GameData/REGISTRIES]: Holder lookups applied: minecraft:worldgen/material_rule
[242月2025 23:47:35.785] [main/DEBUG] [net.minecraftforge.registries.GameData/REGISTRIES]: Applying holder lookups: minecraft:worldgen/density_function_type
[242月2025 23:47:35.787] [main/DEBUG] [net.minecraftforge.registries.GameData/REGISTRIES]: Holder lookups applied: minecraft:worldgen/density_function_type
[242月2025 23:47:35.790] [main/DEBUG] [net.minecraftforge.registries.GameData/REGISTRIES]: Applying holder lookups: minecraft:worldgen/structure_pool_element
[242月2025 23:47:35.792] [main/DEBUG] [net.minecraftforge.registries.GameData/REGISTRIES]: Holder lookups applied: minecraft:worldgen/structure_pool_element
[242月2025 23:47:35.793] [main/DEBUG] [net.minecraftforge.registries.GameData/REGISTRIES]: Applying holder lookups: minecraft:cat_variant
[242月2025 23:47:35.794] [main/DEBUG] [net.minecraftforge.registries.GameData/REGISTRIES]: Holder lookups applied: minecraft:cat_variant
[242月2025 23:47:35.794] [main/DEBUG] [net.minecraftforge.registries.GameData/REGISTRIES]: Applying holder lookups: minecraft:frog_variant
[242月2025 23:47:35.795] [main/DEBUG] [net.minecraftforge.registries.GameData/REGISTRIES]: Holder lookups applied: minecraft:frog_variant
[242月2025 23:47:35.795] [main/DEBUG] [net.minecraftforge.registries.GameData/REGISTRIES]: Applying holder lookups: minecraft:banner_pattern
[242月2025 23:47:35.797] [main/DEBUG] [net.minecraftforge.registries.GameData/REGISTRIES]: Holder lookups applied: minecraft:banner_pattern
[242月2025 23:47:35.797] [main/DEBUG] [net.minecraftforge.registries.GameData/REGISTRIES]: Applying holder lookups: minecraft:instrument
[242月2025 23:47:35.798] [main/DEBUG] [net.minecraftforge.registries.GameData/REGISTRIES]: Holder lookups applied: minecraft:instrument
[242月2025 23:47:35.798] [main/DEBUG] [net.minecraftforge.registries.GameData/REGISTRIES]: Applying holder lookups: minecraft:decorated_pot_patterns
[242月2025 23:47:35.800] [main/DEBUG] [net.minecraftforge.registries.GameData/REGISTRIES]: Holder lookups applied: minecraft:decorated_pot_patterns
[242月2025 23:47:35.813] [main/DEBUG] [net.minecraftforge.registries.GameData/REGISTRIES]: Applying holder lookups: minecraft:creative_mode_tab
[242月2025 23:47:35.816] [main/DEBUG] [net.minecraftforge.registries.GameData/REGISTRIES]: Holder lookups applied: minecraft:creative_mode_tab
[242月2025 23:47:35.818] [main/DEBUG] [net.minecraftforge.registries.GameData/REGISTRIES]: Applying holder lookups: everlastingabilities:abilities
[242月2025 23:47:35.823] [main/DEBUG] [net.minecraftforge.registries.GameData/REGISTRIES]: Holder lookups applied: everlastingabilities:abilities
[242月2025 23:47:35.896] [main/DEBUG] [net.minecraftforge.registries.GameData/REGISTRIES]: Applying holder lookups: everlastingabilities:ability_serializers
[242月2025 23:47:35.898] [main/DEBUG] [net.minecraftforge.registries.GameData/REGISTRIES]: Holder lookups applied: everlastingabilities:ability_serializers
[242月2025 23:47:35.918] [main/DEBUG] [net.minecraftforge.registries.GameData/REGISTRIES]: Applying holder lookups: forge:biome_modifier_serializers
[242月2025 23:47:35.920] [main/DEBUG] [net.minecraftforge.registries.GameData/REGISTRIES]: Holder lookups applied: forge:biome_modifier_serializers
[242月2025 23:47:35.924] [main/DEBUG] [net.minecraftforge.registries.GameData/REGISTRIES]: Applying holder lookups: forge:display_contexts
[242月2025 23:47:35.926] [main/DEBUG] [net.minecraftforge.registries.GameData/REGISTRIES]: Holder lookups applied: forge:display_contexts
[242月2025 23:47:35.926] [main/DEBUG] [net.minecraftforge.registries.GameData/REGISTRIES]: Applying holder lookups: forge:entity_data_serializers
[242月2025 23:47:35.927] [main/DEBUG] [net.minecraftforge.registries.GameData/REGISTRIES]: Holder lookups applied: forge:entity_data_serializers
[242月2025 23:47:35.933] [main/DEBUG] [net.minecraftforge.registries.GameData/REGISTRIES]: Applying holder lookups: forge:fluid_type
[242月2025 23:47:35.934] [main/DEBUG] [net.minecraftforge.registries.GameData/REGISTRIES]: Holder lookups applied: forge:fluid_type
[242月2025 23:47:35.968] [main/DEBUG] [net.minecraftforge.registries.GameData/REGISTRIES]: Applying holder lookups: forge:global_loot_modifier_serializers
[242月2025 23:47:35.969] [main/DEBUG] [net.minecraftforge.registries.GameData/REGISTRIES]: Holder lookups applied: forge:global_loot_modifier_serializers
[242月2025 23:47:35.984] [main/DEBUG] [net.minecraftforge.registries.GameData/REGISTRIES]: Applying holder lookups: forge:holder_set_type
[242月2025 23:47:35.984] [main/DEBUG] [net.minecraftforge.registries.GameData/REGISTRIES]: Holder lookups applied: forge:holder_set_type
[242月2025 23:47:35.986] [main/DEBUG] [net.minecraftforge.registries.GameData/REGISTRIES]: Applying holder lookups: forge:structure_modifier_serializers
[242月2025 23:47:35.989] [main/DEBUG] [net.minecraftforge.registries.GameData/REGISTRIES]: Holder lookups applied: forge:structure_modifier_serializers
[242月2025 23:47:35.992] [main/DEBUG] [net.minecraftforge.registries.GameData/REGISTRIES]: Applying holder lookups: minecraft:worldgen/biome
[242月2025 23:47:35.995] [main/DEBUG] [net.minecraftforge.registries.GameData/REGISTRIES]: Holder lookups applied: minecraft:worldgen/biome
[242月2025 23:47:35.997] [main/DEBUG] [net.minecraftforge.registries.GameData/REGISTRIES]: Applying holder lookups: slashblade:combo_state
[242月2025 23:47:35.998] [main/DEBUG] [net.minecraftforge.registries.GameData/REGISTRIES]: Holder lookups applied: slashblade:combo_state
[242月2025 23:47:36.001] [main/DEBUG] [net.minecraftforge.registries.GameData/REGISTRIES]: Applying holder lookups: slashblade:slash_arts
[242月2025 23:47:36.002] [main/DEBUG] [net.minecraftforge.registries.GameData/REGISTRIES]: Holder lookups applied: slashblade:slash_arts
[242月2025 23:47:36.002] [main/DEBUG] [net.minecraftforge.registries.GameData/REGISTRIES]: Applying holder lookups: slashblade:special_effect
[242月2025 23:47:36.007] [main/DEBUG] [net.minecraftforge.registries.GameData/REGISTRIES]: Holder lookups applied: slashblade:special_effect
[242月2025 23:47:36.011] [main/DEBUG] [net.minecraftforge.registries.GameData/REGISTRIES]: Applying holder lookups: twilight:biome_layer_type
[242月2025 23:47:36.012] [main/DEBUG] [net.minecraftforge.registries.GameData/REGISTRIES]: Holder lookups applied: twilight:biome_layer_type
[242月2025 23:47:36.013] [main/DEBUG] [net.minecraftforge.registries.GameData/REGISTRIES]: Applying holder lookups: twilightforest:dwarf_rabbit_variant
[242月2025 23:47:36.014] [main/DEBUG] [net.minecraftforge.registries.GameData/REGISTRIES]: Holder lookups applied: twilightforest:dwarf_rabbit_variant
[242月2025 23:47:36.017] [main/DEBUG] [net.minecraftforge.registries.GameData/REGISTRIES]: Applying holder lookups: twilightforest:enforcement
[242月2025 23:47:36.018] [main/DEBUG] [net.minecraftforge.registries.GameData/REGISTRIES]: Holder lookups applied: twilightforest:enforcement
[242月2025 23:47:36.018] [main/DEBUG] [net.minecraftforge.registries.GameData/REGISTRIES]: Applying holder lookups: twilightforest:tiny_bird_variant
[242月2025 23:47:36.023] [main/DEBUG] [net.minecraftforge.registries.GameData/REGISTRIES]: Holder lookups applied: twilightforest:tiny_bird_variant
[242月2025 23:47:36.028] [main/DEBUG] [mixin/]: Mixing ForgeHooksMixin from ultimate_enchantment.mixins.json into net.minecraftforge.common.ForgeHooks
[242月2025 23:47:36.042] [main/DEBUG] [mixin/]: Mixing ForgeHooksMixin from apotheosis.mixins.json into net.minecraftforge.common.ForgeHooks
[242月2025 23:47:36.254] [main/DEBUG] [mixin/]: Mixing EnchantmentHelperMixin from ultimate_enchantment.mixins.json into net.minecraft.world.item.enchantment.EnchantmentHelper
[242月2025 23:47:36.277] [main/DEBUG] [net.minecraftforge.coremod.transformer.CoreModBaseTransformer/COREMOD]: Transforming net/minecraft/world/item/EnchantedBookItem
[242月2025 23:47:36.288] [main/DEBUG] [mixin/]: Mixing EnchantmentHelperMixin from apotheosis.mixins.json into net.minecraft.world.item.enchantment.EnchantmentHelper
[242月2025 23:47:36.679] [main/WARN] [net.minecraft.server.packs.VanillaPackResourcesBuilder/]: Assets URL 'union:/E:/moddig/project/UltimateEnchantment/UltimateEnchantment-forge-1.20.1/build/fg_cache/net/minecraftforge/forge/1.20.1-47.3.0_mapped_parchment_2023.06.26-1.20.1/forge-1.20.1-47.3.0_mapped_parchment_2023.06.26-1.20.1-recomp.jar%23191!/assets/.mcassetsroot' uses unexpected schema
[242月2025 23:47:36.679] [main/WARN] [net.minecraft.server.packs.VanillaPackResourcesBuilder/]: Assets URL 'union:/E:/moddig/project/UltimateEnchantment/UltimateEnchantment-forge-1.20.1/build/fg_cache/net/minecraftforge/forge/1.20.1-47.3.0_mapped_parchment_2023.06.26-1.20.1/forge-1.20.1-47.3.0_mapped_parchment_2023.06.26-1.20.1-recomp.jar%23191!/data/.mcassetsroot' uses unexpected schema
[242月2025 23:47:36.854] [Worker-Main-1/DEBUG] [mixin/]: Mixing accessor.BiomeSpecialEffectsBuilderForgeAccessor from puzzleslib.forge.mixins.json into net.minecraft.world.level.biome.BiomeSpecialEffects$Builder
[242月2025 23:47:37.597] [main/INFO] [net.minecraft.data.DataGenerator/]: Starting provider: Loot Tables
[242月2025 23:47:37.611] [main/DEBUG] [mixin/]: Mixing accessor.LootTableForgeAccessor from puzzleslib.forge.mixins.json into net.minecraft.world.level.storage.loot.LootTable
[242月2025 23:47:37.679] [main/DEBUG] [mixin/]: Mixing LootDataManagerForgeMixin from puzzleslib.forge.mixins.json into net.minecraft.world.level.storage.loot.LootDataManager
[242月2025 23:47:37.682] [main/DEBUG] [mixin/]: Mixing LootTablesMixin from placebo.mixins.json into net.minecraft.world.level.storage.loot.LootDataManager
[242月2025 23:47:37.684] [main/DEBUG] [mixin/]: Renaming synthetic method lambda$apply$0(Lnet/minecraft/world/level/storage/loot/LootDataId;Lnet/minecraft/world/level/storage/loot/LootTable;)V to md2f9d17$lambda$apply$0$0 in placebo.mixins.json:LootTablesMixin
[242月2025 23:47:37.746] [main/INFO] [net.minecraft.data.DataGenerator/]: Loot Tables finished after 148 ms
[242月2025 23:47:37.747] [main/INFO] [net.minecraft.data.DataGenerator/]: Starting provider: Recipes
[242月2025 23:47:37.793] [main/INFO] [net.minecraft.data.DataGenerator/]: Recipes finished after 46 ms
[242月2025 23:47:37.793] [main/INFO] [net.minecraft.data.DataGenerator/]: All providers took: 197 ms
[242月2025 23:47:37.813] [main/INFO] [net.minecraft.data.HashCache/]: Caching: total files: 4, old count: 5, new count: 4, removed stale: 1, written: 0
